TIPO_COD,COD,ETIQUETA
ORIGEN,1,USMER
ORIGEN,2,FUERA DE USMER
ORIGEN,99,NO ESPECIFICADO
SECTOR,1,CRUZ ROJA
SECTOR,2,DIF
SECTOR,3,ESTATAL
SECTOR,4,IMSS
SECTOR,5,IMSS-BIENESTAR
SECTOR,6,ISSSTE
SECTOR,7,MUNICIPAL
SECTOR,8,PEMEX
SECTOR,9,PRIVADA
SECTOR,10,SEDENA
SECTOR,11,SEMAR
SECTOR,12,SSA
SECTOR,13,UNIVERSITARIO
SECTOR,99,NO ESPECIFICADO
SEXO,1,MUJER
SEXO,2,HOMBRE
SEXO,99,NO ESPECIFICADO
TIPO_PACIENTE,1,AMBULATORIO
TIPO_PACIENTE,2,HOSPITALIZADO
TIPO_PACIENTE,99,NO ESPECIFICADO
SI_NO,1,SI 
SI_NO,2,NO 
SI_NO,97,NO APLICA
SI_NO,98,SE IGNORA
SI_NO,99,NO ESPECIFICADO
NACIONALIDAD,1,MEXICANA
NACIONALIDAD,2,EXTRANJERA
NACIONALIDAD,99,NO ESPECIFICADO
RESULTADO,1,Positivo SARS-CoV-2
RESULTADO,2,No positivo SARS-CoV-2
RESULTADO,3,Resultado pendiente
ENTIDAD,01,AGUASCALIENTES
ENTIDAD,02,BAJA CALIFORNIA
ENTIDAD,03,BAJA CALIFORNIA SUR
ENTIDAD,04,CAMPECHE
ENTIDAD,05,COAHUILA DE ZARAGOZA
ENTIDAD,06,COLIMA
ENTIDAD,07,CHIAPAS
ENTIDAD,08,CHIHUAHUA
ENTIDAD,09,CIUDAD DE MÉXICO
ENTIDAD,10,DURANGO
ENTIDAD,11,GUANAJUATO
ENTIDAD,12,GUERRERO
ENTIDAD,13,HIDALGO
ENTIDAD,14,JALISCO
ENTIDAD,15,MÉXICO
ENTIDAD,16,MICHOACÁN DE OCAMPO
ENTIDAD,17,MORELOS
ENTIDAD,18,NAYARIT
ENTIDAD,19,NUEVO LEÓN
ENTIDAD,20,OAXACA
ENTIDAD,21,PUEBLA
ENTIDAD,22,QUERÉTARO
ENTIDAD,23,QUINTANA ROO
ENTIDAD,24,SAN LUIS POTOSÍ
ENTIDAD,25,SINALOA
ENTIDAD,26,SONORA
ENTIDAD,27,TABASCO
ENTIDAD,28,TAMAULIPAS
ENTIDAD,29,TLAXCALA
ENTIDAD,30,VERACRUZ DE IGNACIO DE LA LLAVE
ENTIDAD,31,YUCATÁN
ENTIDAD,32,ZACATECAS
ENTIDAD,36,ESTADOS UNIDOS MEXICANOS
ENTIDAD,97,NO APLICA
ENTIDAD,98,SE IGNORA
ENTIDAD,99,NO ESPECIFICADO
CVE_MUN_SSA,01001,AGUASCALIENTES
CVE_MUN_SSA,01002,ASIENTOS
CVE_MUN_SSA,01003,CALVILLO
CVE_MUN_SSA,01004,COSÍO
CVE_MUN_SSA,01005,JESÚS MARÍA
CVE_MUN_SSA,01006,PABELLÓN DE ARTEAGA
CVE_MUN_SSA,01007,RINCÓN DE ROMOS
CVE_MUN_SSA,01008,SAN JOSÉ DE GRACIA
CVE_MUN_SSA,01009,TEPEZALÁ
CVE_MUN_SSA,01010,EL LLANO
CVE_MUN_SSA,01011,SAN FRANCISCO DE LOS ROMO
CVE_MUN_SSA,01999,NO ESPECIFICADO
CVE_MUN_SSA,02001,ENSENADA
CVE_MUN_SSA,02002,MEXICALI
CVE_MUN_SSA,02003,TECATE
CVE_MUN_SSA,02004,TIJUANA
CVE_MUN_SSA,02005,PLAYAS DE ROSARITO
CVE_MUN_SSA,02999,NO ESPECIFICADO
CVE_MUN_SSA,03001,COMONDÚ
CVE_MUN_SSA,03002,MULEGÉ
CVE_MUN_SSA,03003,LA PAZ
CVE_MUN_SSA,03008,LOS CABOS
CVE_MUN_SSA,03009,LORETO
CVE_MUN_SSA,03999,NO ESPECIFICADO
CVE_MUN_SSA,04001,CALKINÍ
CVE_MUN_SSA,04002,CAMPECHE
CVE_MUN_SSA,04003,CARMEN
CVE_MUN_SSA,04004,CHAMPOTÓN
CVE_MUN_SSA,04005,HECELCHAKÁN
CVE_MUN_SSA,04006,HOPELCHÉN
CVE_MUN_SSA,04007,PALIZADA
CVE_MUN_SSA,04008,TENABO
CVE_MUN_SSA,04009,ESCÁRCEGA
CVE_MUN_SSA,04010,CALAKMUL
CVE_MUN_SSA,04011,CANDELARIA
CVE_MUN_SSA,04999,NO ESPECIFICADO
CVE_MUN_SSA,05001,ABASOLO
CVE_MUN_SSA,05002,ACUÑA
CVE_MUN_SSA,05003,ALLENDE
CVE_MUN_SSA,05004,ARTEAGA
CVE_MUN_SSA,05005,CANDELA
CVE_MUN_SSA,05006,CASTAÑOS
CVE_MUN_SSA,05007,CUATRO CIÉNEGAS
CVE_MUN_SSA,05008,ESCOBEDO
CVE_MUN_SSA,05009,FRANCISCO I. MADERO
CVE_MUN_SSA,05010,FRONTERA
CVE_MUN_SSA,05011,GENERAL CEPEDA
CVE_MUN_SSA,05012,GUERRERO
CVE_MUN_SSA,05013,HIDALGO
CVE_MUN_SSA,05014,JIMÉNEZ
CVE_MUN_SSA,05015,JUÁREZ
CVE_MUN_SSA,05016,LAMADRID
CVE_MUN_SSA,05017,MATAMOROS
CVE_MUN_SSA,05018,MONCLOVA
CVE_MUN_SSA,05019,MORELOS
CVE_MUN_SSA,05020,MÚZQUIZ
CVE_MUN_SSA,05021,NADADORES
CVE_MUN_SSA,05022,NAVA
CVE_MUN_SSA,05023,OCAMPO
CVE_MUN_SSA,05024,PARRAS
CVE_MUN_SSA,05025,PIEDRAS NEGRAS
CVE_MUN_SSA,05026,PROGRESO
CVE_MUN_SSA,05027,RAMOS ARIZPE
CVE_MUN_SSA,05028,SABINAS
CVE_MUN_SSA,05029,SACRAMENTO
CVE_MUN_SSA,05030,SALTILLO
CVE_MUN_SSA,05031,SAN BUENAVENTURA
CVE_MUN_SSA,05032,SAN JUAN DE SABINAS
CVE_MUN_SSA,05033,SAN PEDRO
CVE_MUN_SSA,05034,SIERRA MOJADA
CVE_MUN_SSA,05035,TORREÓN
CVE_MUN_SSA,05036,VIESCA
CVE_MUN_SSA,05037,VILLA UNIÓN
CVE_MUN_SSA,05038,ZARAGOZA
CVE_MUN_SSA,05999,NO ESPECIFICADO
CVE_MUN_SSA,06001,ARMERÍA
CVE_MUN_SSA,06002,COLIMA
CVE_MUN_SSA,06003,COMALA
CVE_MUN_SSA,06004,COQUIMATLÁN
CVE_MUN_SSA,06005,CUAUHTÉMOC
CVE_MUN_SSA,06006,IXTLAHUACÁN
CVE_MUN_SSA,06007,MANZANILLO
CVE_MUN_SSA,06008,MINATITLÁN
CVE_MUN_SSA,06009,TECOMÁN
CVE_MUN_SSA,06010,VILLA DE ÁLVAREZ
CVE_MUN_SSA,06999,NO ESPECIFICADO
CVE_MUN_SSA,07001,ACACOYAGUA
CVE_MUN_SSA,07002,ACALA
CVE_MUN_SSA,07003,ACAPETAHUA
CVE_MUN_SSA,07004,ALTAMIRANO
CVE_MUN_SSA,07005,AMATÁN
CVE_MUN_SSA,07006,AMATENANGO DE LA FRONTERA
CVE_MUN_SSA,07007,AMATENANGO DEL VALLE
CVE_MUN_SSA,07008,ANGEL ALBINO CORZO
CVE_MUN_SSA,07009,ARRIAGA
CVE_MUN_SSA,07010,BEJUCAL DE OCAMPO
CVE_MUN_SSA,07011,BELLA VISTA
CVE_MUN_SSA,07012,BERRIOZÁBAL
CVE_MUN_SSA,07013,BOCHIL
CVE_MUN_SSA,07014,EL BOSQUE
CVE_MUN_SSA,07015,CACAHOATÁN
CVE_MUN_SSA,07016,CATAZAJÁ
CVE_MUN_SSA,07017,CINTALAPA
CVE_MUN_SSA,07018,COAPILLA
CVE_MUN_SSA,07019,COMITÁN DE DOMÍNGUEZ
CVE_MUN_SSA,07020,LA CONCORDIA
CVE_MUN_SSA,07021,COPAINALÁ
CVE_MUN_SSA,07022,CHALCHIHUITÁN
CVE_MUN_SSA,07023,CHAMULA
CVE_MUN_SSA,07024,CHANAL
CVE_MUN_SSA,07025,CHAPULTENANGO
CVE_MUN_SSA,07026,CHENALHÓ
CVE_MUN_SSA,07027,CHIAPA DE CORZO
CVE_MUN_SSA,07028,CHIAPILLA
CVE_MUN_SSA,07029,CHICOASÉN
CVE_MUN_SSA,07030,CHICOMUSELO
CVE_MUN_SSA,07031,CHILÓN
CVE_MUN_SSA,07032,ESCUINTLA
CVE_MUN_SSA,07033,FRANCISCO LEÓN
CVE_MUN_SSA,07034,FRONTERA COMALAPA
CVE_MUN_SSA,07035,FRONTERA HIDALGO
CVE_MUN_SSA,07036,LA GRANDEZA
CVE_MUN_SSA,07037,HUEHUETÁN
CVE_MUN_SSA,07038,HUIXTÁN
CVE_MUN_SSA,07039,HUITIUPÁN
CVE_MUN_SSA,07040,HUIXTLA
CVE_MUN_SSA,07041,LA INDEPENDENCIA
CVE_MUN_SSA,07042,IXHUATÁN
CVE_MUN_SSA,07043,IXTACOMITÁN
CVE_MUN_SSA,07044,IXTAPA
CVE_MUN_SSA,07045,IXTAPANGAJOYA
CVE_MUN_SSA,07046,JIQUIPILAS
CVE_MUN_SSA,07047,JITOTOL
CVE_MUN_SSA,07048,JUÁREZ
CVE_MUN_SSA,07049,LARRÁINZAR
CVE_MUN_SSA,07050,LA LIBERTAD
CVE_MUN_SSA,07051,MAPASTEPEC
CVE_MUN_SSA,07052,LAS MARGARITAS
CVE_MUN_SSA,07053,MAZAPA DE MADERO
CVE_MUN_SSA,07054,MAZATÁN
CVE_MUN_SSA,07055,METAPA
CVE_MUN_SSA,07056,MITONTIC
CVE_MUN_SSA,07057,MOTOZINTLA
CVE_MUN_SSA,07058,NICOLÁS RUÍZ
CVE_MUN_SSA,07059,OCOSINGO
CVE_MUN_SSA,07060,OCOTEPEC
CVE_MUN_SSA,07061,OCOZOCOAUTLA DE ESPINOSA
CVE_MUN_SSA,07062,OSTUACÁN
CVE_MUN_SSA,07063,OSUMACINTA
CVE_MUN_SSA,07064,OXCHUC
CVE_MUN_SSA,07065,PALENQUE
CVE_MUN_SSA,07066,PANTELHÓ
CVE_MUN_SSA,07067,PANTEPEC
CVE_MUN_SSA,07068,PICHUCALCO
CVE_MUN_SSA,07069,PIJIJIAPAN
CVE_MUN_SSA,07070,EL PORVENIR
CVE_MUN_SSA,07071,VILLA COMALTITLÁN
CVE_MUN_SSA,07072,PUEBLO NUEVO SOLISTAHUACÁN
CVE_MUN_SSA,07073,RAYÓN
CVE_MUN_SSA,07074,REFORMA
CVE_MUN_SSA,07075,LAS ROSAS
CVE_MUN_SSA,07076,SABANILLA
CVE_MUN_SSA,07077,SALTO DE AGUA
CVE_MUN_SSA,07078,SAN CRISTÓBAL DE LAS CASAS
CVE_MUN_SSA,07079,SAN FERNANDO
CVE_MUN_SSA,07080,SILTEPEC
CVE_MUN_SSA,07081,SIMOJOVEL
CVE_MUN_SSA,07082,SITALÁ
CVE_MUN_SSA,07083,SOCOLTENANGO
CVE_MUN_SSA,07084,SOLOSUCHIAPA
CVE_MUN_SSA,07085,SOYALÓ
CVE_MUN_SSA,07086,SUCHIAPA
CVE_MUN_SSA,07087,SUCHIATE
CVE_MUN_SSA,07088,SUNUAPA
CVE_MUN_SSA,07089,TAPACHULA
CVE_MUN_SSA,07090,TAPALAPA
CVE_MUN_SSA,07091,TAPILULA
CVE_MUN_SSA,07092,TECPATÁN
CVE_MUN_SSA,07093,TENEJAPA
CVE_MUN_SSA,07094,TEOPISCA
CVE_MUN_SSA,07096,TILA
CVE_MUN_SSA,07097,TONALÁ
CVE_MUN_SSA,07098,TOTOLAPA
CVE_MUN_SSA,07099,LA TRINITARIA
CVE_MUN_SSA,07100,TUMBALÁ
CVE_MUN_SSA,07101,TUXTLA GUTIÉRREZ
CVE_MUN_SSA,07102,TUXTLA CHICO
CVE_MUN_SSA,07103,TUZANTÁN
CVE_MUN_SSA,07104,TZIMOL
CVE_MUN_SSA,07105,UNIÓN JUÁREZ
CVE_MUN_SSA,07106,VENUSTIANO CARRANZA
CVE_MUN_SSA,07107,VILLA CORZO
CVE_MUN_SSA,07108,VILLAFLORES
CVE_MUN_SSA,07109,YAJALÓN
CVE_MUN_SSA,07110,SAN LUCAS
CVE_MUN_SSA,07111,ZINACANTÁN
CVE_MUN_SSA,07112,SAN JUAN CANCUC
CVE_MUN_SSA,07113,ALDAMA
CVE_MUN_SSA,07114,BENEMÉRITO DE LAS AMÉRICAS
CVE_MUN_SSA,07115,MARAVILLA TENEJAPA
CVE_MUN_SSA,07116,MARQUÉS DE COMILLAS
CVE_MUN_SSA,07117,MONTECRISTO DE GUERRERO
CVE_MUN_SSA,07118,SAN ANDRÉS DURAZNAL
CVE_MUN_SSA,07119,SANTIAGO EL PINAR
CVE_MUN_SSA,07120,CAPITÁN LUIS ÁNGEL VIDAL
CVE_MUN_SSA,07121,RINCÓN CHAMULA SAN PEDRO
CVE_MUN_SSA,07122,EL PARRAL
CVE_MUN_SSA,07123,EMILIANO ZAPATA
CVE_MUN_SSA,07124,MEZCALAPA
CVE_MUN_SSA,07999,NO ESPECIFICADO
CVE_MUN_SSA,08001,AHUMADA
CVE_MUN_SSA,08002,ALDAMA
CVE_MUN_SSA,08003,ALLENDE
CVE_MUN_SSA,08004,AQUILES SERDÁN
CVE_MUN_SSA,08005,ASCENSIÓN
CVE_MUN_SSA,08006,BACHÍNIVA
CVE_MUN_SSA,08007,BALLEZA
CVE_MUN_SSA,08008,BATOPILAS DE MANUEL GÓMEZ MORÍN
CVE_MUN_SSA,08009,BOCOYNA
CVE_MUN_SSA,08010,BUENAVENTURA
CVE_MUN_SSA,08011,CAMARGO
CVE_MUN_SSA,08012,CARICHÍ
CVE_MUN_SSA,08013,CASAS GRANDES
CVE_MUN_SSA,08014,CORONADO
CVE_MUN_SSA,08015,COYAME DEL SOTOL
CVE_MUN_SSA,08016,LA CRUZ
CVE_MUN_SSA,08017,CUAUHTÉMOC
CVE_MUN_SSA,08018,CUSIHUIRIACHI
CVE_MUN_SSA,08019,CHIHUAHUA
CVE_MUN_SSA,08020,CHÍNIPAS
CVE_MUN_SSA,08021,DELICIAS
CVE_MUN_SSA,08022,DR. BELISARIO DOMÍNGUEZ
CVE_MUN_SSA,08023,GALEANA
CVE_MUN_SSA,08024,SANTA ISABEL
CVE_MUN_SSA,08025,GÓMEZ FARÍAS
CVE_MUN_SSA,08026,GRAN MORELOS
CVE_MUN_SSA,08027,GUACHOCHI
CVE_MUN_SSA,08028,GUADALUPE
CVE_MUN_SSA,08029,GUADALUPE Y CALVO
CVE_MUN_SSA,08030,GUAZAPARES
CVE_MUN_SSA,08031,GUERRERO
CVE_MUN_SSA,08032,HIDALGO DEL PARRAL
CVE_MUN_SSA,08033,HUEJOTITÁN
CVE_MUN_SSA,08034,IGNACIO ZARAGOZA
CVE_MUN_SSA,08035,JANOS
CVE_MUN_SSA,08036,JIMÉNEZ
CVE_MUN_SSA,08037,JUÁREZ
CVE_MUN_SSA,08038,JULIMES
CVE_MUN_SSA,08039,LÓPEZ
CVE_MUN_SSA,08040,MADERA
CVE_MUN_SSA,08041,MAGUARICHI
CVE_MUN_SSA,08042,MANUEL BENAVIDES
CVE_MUN_SSA,08043,MATACHÍ
CVE_MUN_SSA,08044,MATAMOROS
CVE_MUN_SSA,08045,MEOQUI
CVE_MUN_SSA,08046,MORELOS
CVE_MUN_SSA,08047,MORIS
CVE_MUN_SSA,08048,NAMIQUIPA
CVE_MUN_SSA,08049,NONOAVA
CVE_MUN_SSA,08050,NUEVO CASAS GRANDES
CVE_MUN_SSA,08051,OCAMPO
CVE_MUN_SSA,08052,OJINAGA
CVE_MUN_SSA,08053,PRAXEDIS G. GUERRERO
CVE_MUN_SSA,08054,RIVA PALACIO
CVE_MUN_SSA,08055,ROSALES
CVE_MUN_SSA,08056,ROSARIO
CVE_MUN_SSA,08057,SAN FRANCISCO DE BORJA
CVE_MUN_SSA,08058,SAN FRANCISCO DE CONCHOS
CVE_MUN_SSA,08059,SAN FRANCISCO DEL ORO
CVE_MUN_SSA,08060,SANTA BÁRBARA
CVE_MUN_SSA,08061,SATEVÓ
CVE_MUN_SSA,08062,SAUCILLO
CVE_MUN_SSA,08063,TEMÓSACHIC
CVE_MUN_SSA,08064,EL TULE
CVE_MUN_SSA,08065,URIQUE
CVE_MUN_SSA,08066,URUACHI
CVE_MUN_SSA,08067,VALLE DE ZARAGOZA
CVE_MUN_SSA,08999,NO ESPECIFICADO
CVE_MUN_SSA,09002,AZCAPOTZALCO
CVE_MUN_SSA,09003,COYOACÁN
CVE_MUN_SSA,09004,CUAJIMALPA DE MORELOS
CVE_MUN_SSA,09005,GUSTAVO A. MADERO
CVE_MUN_SSA,09006,IZTACALCO
CVE_MUN_SSA,09007,IZTAPALAPA
CVE_MUN_SSA,09008,LA MAGDALENA CONTRERAS
CVE_MUN_SSA,09009,MILPA ALTA
CVE_MUN_SSA,09010,ÁLVARO OBREGÓN
CVE_MUN_SSA,09011,TLÁHUAC
CVE_MUN_SSA,09012,TLALPAN
CVE_MUN_SSA,09013,XOCHIMILCO
CVE_MUN_SSA,09014,BENITO JUÁREZ
CVE_MUN_SSA,09015,CUAUHTÉMOC
CVE_MUN_SSA,09016,MIGUEL HIDALGO
CVE_MUN_SSA,09017,VENUSTIANO CARRANZA
CVE_MUN_SSA,09999,NO ESPECIFICADO
CVE_MUN_SSA,10001,CANATLÁN
CVE_MUN_SSA,10002,CANELAS
CVE_MUN_SSA,10003,CONETO DE COMONFORT
CVE_MUN_SSA,10004,CUENCAMÉ
CVE_MUN_SSA,10005,DURANGO
CVE_MUN_SSA,10006,GENERAL SIMÓN BOLÍVAR
CVE_MUN_SSA,10007,GÓMEZ PALACIO
CVE_MUN_SSA,10008,GUADALUPE VICTORIA
CVE_MUN_SSA,10009,GUANACEVÍ
CVE_MUN_SSA,10010,HIDALGO
CVE_MUN_SSA,10011,INDÉ
CVE_MUN_SSA,10012,LERDO
CVE_MUN_SSA,10013,MAPIMÍ
CVE_MUN_SSA,10014,MEZQUITAL
CVE_MUN_SSA,10015,NAZAS
CVE_MUN_SSA,10016,NOMBRE DE DIOS
CVE_MUN_SSA,10017,OCAMPO
CVE_MUN_SSA,10018,EL ORO
CVE_MUN_SSA,10019,OTÁEZ
CVE_MUN_SSA,10020,PÁNUCO DE CORONADO
CVE_MUN_SSA,10021,PEÑÓN BLANCO
CVE_MUN_SSA,10022,POANAS
CVE_MUN_SSA,10023,PUEBLO NUEVO
CVE_MUN_SSA,10024,RODEO
CVE_MUN_SSA,10025,SAN BERNARDO
CVE_MUN_SSA,10026,SAN DIMAS
CVE_MUN_SSA,10027,SAN JUAN DE GUADALUPE
CVE_MUN_SSA,10028,SAN JUAN DEL RÍO
CVE_MUN_SSA,10029,SAN LUIS DEL CORDERO
CVE_MUN_SSA,10030,SAN PEDRO DEL GALLO
CVE_MUN_SSA,10031,SANTA CLARA
CVE_MUN_SSA,10032,SANTIAGO PAPASQUIARO
CVE_MUN_SSA,10033,SÚCHIL
CVE_MUN_SSA,10034,TAMAZULA
CVE_MUN_SSA,10035,TEPEHUANES
CVE_MUN_SSA,10036,TLAHUALILO
CVE_MUN_SSA,10037,TOPIA
CVE_MUN_SSA,10038,VICENTE GUERRERO
CVE_MUN_SSA,10039,NUEVO IDEAL
CVE_MUN_SSA,10999,NO ESPECIFICADO
CVE_MUN_SSA,11001,ABASOLO
CVE_MUN_SSA,11002,ACÁMBARO
CVE_MUN_SSA,11003,SAN MIGUEL DE ALLENDE
CVE_MUN_SSA,11004,APASEO EL ALTO
CVE_MUN_SSA,11005,APASEO EL GRANDE
CVE_MUN_SSA,11006,ATARJEA
CVE_MUN_SSA,11007,CELAYA
CVE_MUN_SSA,11008,MANUEL DOBLADO
CVE_MUN_SSA,11009,COMONFORT
CVE_MUN_SSA,11010,CORONEO
CVE_MUN_SSA,11011,CORTAZAR
CVE_MUN_SSA,11012,CUERÁMARO
CVE_MUN_SSA,11013,DOCTOR MORA
CVE_MUN_SSA,11014,DOLORES HIDALGO CUNA DE LA INDEPENDENCIA NACIONAL
CVE_MUN_SSA,11015,GUANAJUATO
CVE_MUN_SSA,11016,HUANÍMARO
CVE_MUN_SSA,11017,IRAPUATO
CVE_MUN_SSA,11018,JARAL DEL PROGRESO
CVE_MUN_SSA,11019,JERÉCUARO
CVE_MUN_SSA,11020,LEÓN
CVE_MUN_SSA,11021,MOROLEÓN
CVE_MUN_SSA,11022,OCAMPO
CVE_MUN_SSA,11023,PÉNJAMO
CVE_MUN_SSA,11024,PUEBLO NUEVO
CVE_MUN_SSA,11025,PURÍSIMA DEL RINCÓN
CVE_MUN_SSA,11026,ROMITA
CVE_MUN_SSA,11027,SALAMANCA
CVE_MUN_SSA,11028,SALVATIERRA
CVE_MUN_SSA,11029,SAN DIEGO DE LA UNIÓN
CVE_MUN_SSA,11030,SAN FELIPE
CVE_MUN_SSA,11031,SAN FRANCISCO DEL RINCÓN
CVE_MUN_SSA,11032,SAN JOSÉ ITURBIDE
CVE_MUN_SSA,11033,SAN LUIS DE LA PAZ
CVE_MUN_SSA,11034,SANTA CATARINA
CVE_MUN_SSA,11035,SANTA CRUZ DE JUVENTINO ROSAS
CVE_MUN_SSA,11036,SANTIAGO MARAVATÍO
CVE_MUN_SSA,11037,SILAO DE LA VICTORIA
CVE_MUN_SSA,11038,TARANDACUAO
CVE_MUN_SSA,11039,TARIMORO
CVE_MUN_SSA,11040,TIERRA BLANCA
CVE_MUN_SSA,11041,URIANGATO
CVE_MUN_SSA,11042,VALLE DE SANTIAGO
CVE_MUN_SSA,11043,VICTORIA
CVE_MUN_SSA,11044,VILLAGRÁN
CVE_MUN_SSA,11045,XICHÚ
CVE_MUN_SSA,11046,YURIRIA
CVE_MUN_SSA,11999,NO ESPECIFICADO
CVE_MUN_SSA,12001,ACAPULCO DE JUÁREZ
CVE_MUN_SSA,12002,AHUACUOTZINGO
CVE_MUN_SSA,12003,AJUCHITLÁN DEL PROGRESO
CVE_MUN_SSA,12004,ALCOZAUCA DE GUERRERO
CVE_MUN_SSA,12005,ALPOYECA
CVE_MUN_SSA,12006,APAXTLA
CVE_MUN_SSA,12007,ARCELIA
CVE_MUN_SSA,12008,ATENANGO DEL RÍO
CVE_MUN_SSA,12009,ATLAMAJALCINGO DEL MONTE
CVE_MUN_SSA,12010,ATLIXTAC
CVE_MUN_SSA,12011,ATOYAC DE ÁLVAREZ
CVE_MUN_SSA,12012,AYUTLA DE LOS LIBRES
CVE_MUN_SSA,12013,AZOYÚ
CVE_MUN_SSA,12014,BENITO JUÁREZ
CVE_MUN_SSA,12015,BUENAVISTA DE CUÉLLAR
CVE_MUN_SSA,12016,COAHUAYUTLA DE JOSÉ MARÍA IZAZAGA
CVE_MUN_SSA,12017,COCULA
CVE_MUN_SSA,12018,COPALA
CVE_MUN_SSA,12019,COPALILLO
CVE_MUN_SSA,12020,COPANATOYAC
CVE_MUN_SSA,12021,COYUCA DE BENÍTEZ
CVE_MUN_SSA,12022,COYUCA DE CATALÁN
CVE_MUN_SSA,12023,CUAJINICUILAPA
CVE_MUN_SSA,12024,CUALÁC
CVE_MUN_SSA,12025,CUAUTEPEC
CVE_MUN_SSA,12026,CUETZALA DEL PROGRESO
CVE_MUN_SSA,12027,CUTZAMALA DE PINZÓN
CVE_MUN_SSA,12028,CHILAPA DE ÁLVAREZ
CVE_MUN_SSA,12029,CHILPANCINGO DE LOS BRAVO
CVE_MUN_SSA,12030,FLORENCIO VILLARREAL
CVE_MUN_SSA,12031,GENERAL CANUTO A. NERI
CVE_MUN_SSA,12032,GENERAL HELIODORO CASTILLO
CVE_MUN_SSA,12033,HUAMUXTITLÁN
CVE_MUN_SSA,12034,HUITZUCO DE LOS FIGUEROA
CVE_MUN_SSA,12035,IGUALA DE LA INDEPENDENCIA
CVE_MUN_SSA,12036,IGUALAPA
CVE_MUN_SSA,12037,IXCATEOPAN DE CUAUHTÉMOC
CVE_MUN_SSA,12038,ZIHUATANEJO DE AZUETA
CVE_MUN_SSA,12039,JUAN R. ESCUDERO
CVE_MUN_SSA,12040,LEONARDO BRAVO
CVE_MUN_SSA,12041,MALINALTEPEC
CVE_MUN_SSA,12042,MÁRTIR DE CUILAPAN
CVE_MUN_SSA,12043,METLATÓNOC
CVE_MUN_SSA,12044,MOCHITLÁN
CVE_MUN_SSA,12045,OLINALÁ
CVE_MUN_SSA,12046,OMETEPEC
CVE_MUN_SSA,12047,PEDRO ASCENCIO ALQUISIRAS
CVE_MUN_SSA,12048,PETATLÁN
CVE_MUN_SSA,12049,PILCAYA
CVE_MUN_SSA,12050,PUNGARABATO
CVE_MUN_SSA,12051,QUECHULTENANGO
CVE_MUN_SSA,12052,SAN LUIS ACATLÁN
CVE_MUN_SSA,12053,SAN MARCOS
CVE_MUN_SSA,12054,SAN MIGUEL TOTOLAPAN
CVE_MUN_SSA,12055,TAXCO DE ALARCÓN
CVE_MUN_SSA,12056,TECOANAPA
CVE_MUN_SSA,12057,TÉCPAN DE GALEANA
CVE_MUN_SSA,12058,TELOLOAPAN
CVE_MUN_SSA,12059,TEPECOACUILCO DE TRUJANO
CVE_MUN_SSA,12060,TETIPAC
CVE_MUN_SSA,12061,TIXTLA DE GUERRERO
CVE_MUN_SSA,12062,TLACOACHISTLAHUACA
CVE_MUN_SSA,12063,TLACOAPA
CVE_MUN_SSA,12064,TLALCHAPA
CVE_MUN_SSA,12065,TLALIXTAQUILLA DE MALDONADO
CVE_MUN_SSA,12066,TLAPA DE COMONFORT
CVE_MUN_SSA,12067,TLAPEHUALA
CVE_MUN_SSA,12068,LA UNIÓN DE ISIDORO MONTES DE OCA
CVE_MUN_SSA,12069,XALPATLÁHUAC
CVE_MUN_SSA,12070,XOCHIHUEHUETLÁN
CVE_MUN_SSA,12071,XOCHISTLAHUACA
CVE_MUN_SSA,12072,ZAPOTITLÁN TABLAS
CVE_MUN_SSA,12073,ZIRÁNDARO
CVE_MUN_SSA,12074,ZITLALA
CVE_MUN_SSA,12075,EDUARDO NERI
CVE_MUN_SSA,12076,ACATEPEC
CVE_MUN_SSA,12077,MARQUELIA
CVE_MUN_SSA,12078,COCHOAPA EL GRANDE
CVE_MUN_SSA,12079,JOSÉ JOAQUÍN DE HERRERA
CVE_MUN_SSA,12080,JUCHITÁN
CVE_MUN_SSA,12081,ILIATENCO
CVE_MUN_SSA,12999,NO ESPECIFICADO
CVE_MUN_SSA,13001,ACATLÁN
CVE_MUN_SSA,13002,ACAXOCHITLÁN
CVE_MUN_SSA,13003,ACTOPAN
CVE_MUN_SSA,13004,AGUA BLANCA DE ITURBIDE
CVE_MUN_SSA,13005,AJACUBA
CVE_MUN_SSA,13006,ALFAJAYUCAN
CVE_MUN_SSA,13007,ALMOLOYA
CVE_MUN_SSA,13008,APAN
CVE_MUN_SSA,13009,EL ARENAL
CVE_MUN_SSA,13010,ATITALAQUIA
CVE_MUN_SSA,13011,ATLAPEXCO
CVE_MUN_SSA,13012,ATOTONILCO EL GRANDE
CVE_MUN_SSA,13013,ATOTONILCO DE TULA
CVE_MUN_SSA,13014,CALNALI
CVE_MUN_SSA,13015,CARDONAL
CVE_MUN_SSA,13016,CUAUTEPEC DE HINOJOSA
CVE_MUN_SSA,13017,CHAPANTONGO
CVE_MUN_SSA,13018,CHAPULHUACÁN
CVE_MUN_SSA,13019,CHILCUAUTLA
CVE_MUN_SSA,13020,ELOXOCHITLÁN
CVE_MUN_SSA,13021,EMILIANO ZAPATA
CVE_MUN_SSA,13022,EPAZOYUCAN
CVE_MUN_SSA,13023,FRANCISCO I. MADERO
CVE_MUN_SSA,13024,HUASCA DE OCAMPO
CVE_MUN_SSA,13025,HUAUTLA
CVE_MUN_SSA,13026,HUAZALINGO
CVE_MUN_SSA,13027,HUEHUETLA
CVE_MUN_SSA,13028,HUEJUTLA DE REYES
CVE_MUN_SSA,13029,HUICHAPAN
CVE_MUN_SSA,13030,IXMIQUILPAN
CVE_MUN_SSA,13031,JACALA DE LEDEZMA
CVE_MUN_SSA,13032,JALTOCÁN
CVE_MUN_SSA,13033,JUÁREZ HIDALGO
CVE_MUN_SSA,13034,LOLOTLA
CVE_MUN_SSA,13035,METEPEC
CVE_MUN_SSA,13036,SAN AGUSTÍN METZQUITITLÁN
CVE_MUN_SSA,13037,METZTITLÁN
CVE_MUN_SSA,13038,MINERAL DEL CHICO
CVE_MUN_SSA,13039,MINERAL DEL MONTE
CVE_MUN_SSA,13040,LA MISIÓN
CVE_MUN_SSA,13041,MIXQUIAHUALA DE JUÁREZ
CVE_MUN_SSA,13042,MOLANGO DE ESCAMILLA
CVE_MUN_SSA,13043,NICOLÁS FLORES
CVE_MUN_SSA,13044,NOPALA DE VILLAGRÁN
CVE_MUN_SSA,13045,OMITLÁN DE JUÁREZ
CVE_MUN_SSA,13046,SAN FELIPE ORIZATLÁN
CVE_MUN_SSA,13047,PACULA
CVE_MUN_SSA,13048,PACHUCA DE SOTO
CVE_MUN_SSA,13049,PISAFLORES
CVE_MUN_SSA,13050,PROGRESO DE OBREGÓN
CVE_MUN_SSA,13051,MINERAL DE LA REFORMA
CVE_MUN_SSA,13052,SAN AGUSTÍN TLAXIACA
CVE_MUN_SSA,13053,SAN BARTOLO TUTOTEPEC
CVE_MUN_SSA,13054,SAN SALVADOR
CVE_MUN_SSA,13055,SANTIAGO DE ANAYA
CVE_MUN_SSA,13056,SANTIAGO TULANTEPEC DE LUGO GUERRERO
CVE_MUN_SSA,13057,SINGUILUCAN
CVE_MUN_SSA,13058,TASQUILLO
CVE_MUN_SSA,13059,TECOZAUTLA
CVE_MUN_SSA,13060,TENANGO DE DORIA
CVE_MUN_SSA,13061,TEPEAPULCO
CVE_MUN_SSA,13062,TEPEHUACÁN DE GUERRERO
CVE_MUN_SSA,13063,TEPEJI DEL RÍO DE OCAMPO
CVE_MUN_SSA,13064,TEPETITLÁN
CVE_MUN_SSA,13065,TETEPANGO
CVE_MUN_SSA,13066,VILLA DE TEZONTEPEC
CVE_MUN_SSA,13067,TEZONTEPEC DE ALDAMA
CVE_MUN_SSA,13068,TIANGUISTENGO
CVE_MUN_SSA,13069,TIZAYUCA
CVE_MUN_SSA,13070,TLAHUELILPAN
CVE_MUN_SSA,13071,TLAHUILTEPA
CVE_MUN_SSA,13072,TLANALAPA
CVE_MUN_SSA,13073,TLANCHINOL
CVE_MUN_SSA,13074,TLAXCOAPAN
CVE_MUN_SSA,13075,TOLCAYUCA
CVE_MUN_SSA,13076,TULA DE ALLENDE
CVE_MUN_SSA,13077,TULANCINGO DE BRAVO
CVE_MUN_SSA,13078,XOCHIATIPAN
CVE_MUN_SSA,13079,XOCHICOATLÁN
CVE_MUN_SSA,13080,YAHUALICA
CVE_MUN_SSA,13081,ZACUALTIPÁN DE ÁNGELES
CVE_MUN_SSA,13082,ZAPOTLÁN DE JUÁREZ
CVE_MUN_SSA,13083,ZEMPOALA
CVE_MUN_SSA,13084,ZIMAPÁN
CVE_MUN_SSA,13999,NO ESPECIFICADO
CVE_MUN_SSA,14001,ACATIC
CVE_MUN_SSA,14002,ACATLÁN DE JUÁREZ
CVE_MUN_SSA,14003,AHUALULCO DE MERCADO
CVE_MUN_SSA,14004,AMACUECA
CVE_MUN_SSA,14005,AMATITÁN
CVE_MUN_SSA,14006,AMECA
CVE_MUN_SSA,14007,SAN JUANITO DE ESCOBEDO
CVE_MUN_SSA,14008,ARANDAS
CVE_MUN_SSA,14009,EL ARENAL
CVE_MUN_SSA,14010,ATEMAJAC DE BRIZUELA
CVE_MUN_SSA,14011,ATENGO
CVE_MUN_SSA,14012,ATENGUILLO
CVE_MUN_SSA,14013,ATOTONILCO EL ALTO
CVE_MUN_SSA,14014,ATOYAC
CVE_MUN_SSA,14015,AUTLÁN DE NAVARRO
CVE_MUN_SSA,14016,AYOTLÁN
CVE_MUN_SSA,14017,AYUTLA
CVE_MUN_SSA,14018,LA BARCA
CVE_MUN_SSA,14019,BOLAÑOS
CVE_MUN_SSA,14020,CABO CORRIENTES
CVE_MUN_SSA,14021,CASIMIRO CASTILLO
CVE_MUN_SSA,14022,CIHUATLÁN
CVE_MUN_SSA,14023,ZAPOTLÁN EL GRANDE
CVE_MUN_SSA,14024,COCULA
CVE_MUN_SSA,14025,COLOTLÁN
CVE_MUN_SSA,14026,CONCEPCIÓN DE BUENOS AIRES
CVE_MUN_SSA,14027,CUAUTITLÁN DE GARCÍA BARRAGÁN
CVE_MUN_SSA,14028,CUAUTLA
CVE_MUN_SSA,14029,CUQUÍO
CVE_MUN_SSA,14030,CHAPALA
CVE_MUN_SSA,14031,CHIMALTITÁN
CVE_MUN_SSA,14032,CHIQUILISTLÁN
CVE_MUN_SSA,14033,DEGOLLADO
CVE_MUN_SSA,14034,EJUTLA
CVE_MUN_SSA,14035,ENCARNACIÓN DE DÍAZ
CVE_MUN_SSA,14036,ETZATLÁN
CVE_MUN_SSA,14037,EL GRULLO
CVE_MUN_SSA,14038,GUACHINANGO
CVE_MUN_SSA,14039,GUADALAJARA
CVE_MUN_SSA,14040,HOSTOTIPAQUILLO
CVE_MUN_SSA,14041,HUEJÚCAR
CVE_MUN_SSA,14042,HUEJUQUILLA EL ALTO
CVE_MUN_SSA,14043,LA HUERTA
CVE_MUN_SSA,14044,IXTLAHUACÁN DE LOS MEMBRILLOS
CVE_MUN_SSA,14045,IXTLAHUACÁN DEL RÍO
CVE_MUN_SSA,14046,JALOSTOTITLÁN
CVE_MUN_SSA,14047,JAMAY
CVE_MUN_SSA,14048,JESÚS MARÍA
CVE_MUN_SSA,14049,JILOTLÁN DE LOS DOLORES
CVE_MUN_SSA,14050,JOCOTEPEC
CVE_MUN_SSA,14051,JUANACATLÁN
CVE_MUN_SSA,14052,JUCHITLÁN
CVE_MUN_SSA,14053,LAGOS DE MORENO
CVE_MUN_SSA,14054,EL LIMÓN
CVE_MUN_SSA,14055,MAGDALENA
CVE_MUN_SSA,14056,SANTA MARÍA DEL ORO
CVE_MUN_SSA,14057,LA MANZANILLA DE LA PAZ
CVE_MUN_SSA,14058,MASCOTA
CVE_MUN_SSA,14059,MAZAMITLA
CVE_MUN_SSA,14060,MEXTICACÁN
CVE_MUN_SSA,14061,MEZQUITIC
CVE_MUN_SSA,14062,MIXTLÁN
CVE_MUN_SSA,14063,OCOTLÁN
CVE_MUN_SSA,14064,OJUELOS DE JALISCO
CVE_MUN_SSA,14065,PIHUAMO
CVE_MUN_SSA,14066,PONCITLÁN
CVE_MUN_SSA,14067,PUERTO VALLARTA
CVE_MUN_SSA,14068,VILLA PURIFICACIÓN
CVE_MUN_SSA,14069,QUITUPAN
CVE_MUN_SSA,14070,EL SALTO
CVE_MUN_SSA,14071,SAN CRISTÓBAL DE LA BARRANCA
CVE_MUN_SSA,14072,SAN DIEGO DE ALEJANDRÍA
CVE_MUN_SSA,14073,SAN JUAN DE LOS LAGOS
CVE_MUN_SSA,14074,SAN JULIÁN
CVE_MUN_SSA,14075,SAN MARCOS
CVE_MUN_SSA,14076,SAN MARTÍN DE BOLAÑOS
CVE_MUN_SSA,14077,SAN MARTÍN HIDALGO
CVE_MUN_SSA,14078,SAN MIGUEL EL ALTO
CVE_MUN_SSA,14079,GÓMEZ FARÍAS
CVE_MUN_SSA,14080,SAN SEBASTIÁN DEL OESTE
CVE_MUN_SSA,14081,SANTA MARÍA DE LOS ÁNGELES
CVE_MUN_SSA,14082,SAYULA
CVE_MUN_SSA,14083,TALA
CVE_MUN_SSA,14084,TALPA DE ALLENDE
CVE_MUN_SSA,14085,TAMAZULA DE GORDIANO
CVE_MUN_SSA,14086,TAPALPA
CVE_MUN_SSA,14087,TECALITLÁN
CVE_MUN_SSA,14088,TECOLOTLÁN
CVE_MUN_SSA,14089,TECHALUTA DE MONTENEGRO
CVE_MUN_SSA,14090,TENAMAXTLÁN
CVE_MUN_SSA,14091,TEOCALTICHE
CVE_MUN_SSA,14092,TEOCUITATLÁN DE CORONA
CVE_MUN_SSA,14093,TEPATITLÁN DE MORELOS
CVE_MUN_SSA,14094,TEQUILA
CVE_MUN_SSA,14095,TEUCHITLÁN
CVE_MUN_SSA,14096,TIZAPÁN EL ALTO
CVE_MUN_SSA,14097,TLAJOMULCO DE ZÚÑIGA
CVE_MUN_SSA,14098,SAN PEDRO TLAQUEPAQUE
CVE_MUN_SSA,14099,TOLIMÁN
CVE_MUN_SSA,14100,TOMATLÁN
CVE_MUN_SSA,14101,TONALÁ
CVE_MUN_SSA,14102,TONAYA
CVE_MUN_SSA,14103,TONILA
CVE_MUN_SSA,14104,TOTATICHE
CVE_MUN_SSA,14105,TOTOTLÁN
CVE_MUN_SSA,14106,TUXCACUESCO
CVE_MUN_SSA,14107,TUXCUECA
CVE_MUN_SSA,14108,TUXPAN
CVE_MUN_SSA,14109,UNIÓN DE SAN ANTONIO
CVE_MUN_SSA,14110,UNIÓN DE TULA
CVE_MUN_SSA,14111,VALLE DE GUADALUPE
CVE_MUN_SSA,14112,VALLE DE JUÁREZ
CVE_MUN_SSA,14113,SAN GABRIEL
CVE_MUN_SSA,14114,VILLA CORONA
CVE_MUN_SSA,14115,VILLA GUERRERO
CVE_MUN_SSA,14116,VILLA HIDALGO
CVE_MUN_SSA,14117,CAÑADAS DE OBREGÓN
CVE_MUN_SSA,14118,YAHUALICA DE GONZÁLEZ GALLO
CVE_MUN_SSA,14119,ZACOALCO DE TORRES
CVE_MUN_SSA,14120,ZAPOPAN
CVE_MUN_SSA,14121,ZAPOTILTIC
CVE_MUN_SSA,14122,ZAPOTITLÁN DE VADILLO
CVE_MUN_SSA,14123,ZAPOTLÁN DEL REY
CVE_MUN_SSA,14124,ZAPOTLANEJO
CVE_MUN_SSA,14125,SAN IGNACIO CERRO GORDO
CVE_MUN_SSA,14999,NO ESPECIFICADO
CVE_MUN_SSA,15001,ACAMBAY DE RUÍZ CASTAÑEDA
CVE_MUN_SSA,15002,ACOLMAN
CVE_MUN_SSA,15003,ACULCO
CVE_MUN_SSA,15004,ALMOLOYA DE ALQUISIRAS
CVE_MUN_SSA,15005,ALMOLOYA DE JUÁREZ
CVE_MUN_SSA,15006,ALMOLOYA DEL RÍO
CVE_MUN_SSA,15007,AMANALCO
CVE_MUN_SSA,15008,AMATEPEC
CVE_MUN_SSA,15009,AMECAMECA
CVE_MUN_SSA,15010,APAXCO
CVE_MUN_SSA,15011,ATENCO
CVE_MUN_SSA,15012,ATIZAPÁN
CVE_MUN_SSA,15013,ATIZAPÁN DE ZARAGOZA
CVE_MUN_SSA,15014,ATLACOMULCO
CVE_MUN_SSA,15015,ATLAUTLA
CVE_MUN_SSA,15016,AXAPUSCO
CVE_MUN_SSA,15017,AYAPANGO
CVE_MUN_SSA,15018,CALIMAYA
CVE_MUN_SSA,15019,CAPULHUAC
CVE_MUN_SSA,15020,COACALCO DE BERRIOZÁBAL
CVE_MUN_SSA,15021,COATEPEC HARINAS
CVE_MUN_SSA,15022,COCOTITLÁN
CVE_MUN_SSA,15023,COYOTEPEC
CVE_MUN_SSA,15024,CUAUTITLÁN
CVE_MUN_SSA,15025,CHALCO
CVE_MUN_SSA,15026,CHAPA DE MOTA
CVE_MUN_SSA,15027,CHAPULTEPEC
CVE_MUN_SSA,15028,CHIAUTLA
CVE_MUN_SSA,15029,CHICOLOAPAN
CVE_MUN_SSA,15030,CHICONCUAC
CVE_MUN_SSA,15031,CHIMALHUACÁN
CVE_MUN_SSA,15032,DONATO GUERRA
CVE_MUN_SSA,15033,ECATEPEC DE MORELOS
CVE_MUN_SSA,15034,ECATZINGO
CVE_MUN_SSA,15035,HUEHUETOCA
CVE_MUN_SSA,15036,HUEYPOXTLA
CVE_MUN_SSA,15037,HUIXQUILUCAN
CVE_MUN_SSA,15038,ISIDRO FABELA
CVE_MUN_SSA,15039,IXTAPALUCA
CVE_MUN_SSA,15040,IXTAPAN DE LA SAL
CVE_MUN_SSA,15041,IXTAPAN DEL ORO
CVE_MUN_SSA,15042,IXTLAHUACA
CVE_MUN_SSA,15043,XALATLACO
CVE_MUN_SSA,15044,JALTENCO
CVE_MUN_SSA,15045,JILOTEPEC
CVE_MUN_SSA,15046,JILOTZINGO
CVE_MUN_SSA,15047,JIQUIPILCO
CVE_MUN_SSA,15048,JOCOTITLÁN
CVE_MUN_SSA,15049,JOQUICINGO
CVE_MUN_SSA,15050,JUCHITEPEC
CVE_MUN_SSA,15051,LERMA
CVE_MUN_SSA,15052,MALINALCO
CVE_MUN_SSA,15053,MELCHOR OCAMPO
CVE_MUN_SSA,15054,METEPEC
CVE_MUN_SSA,15055,MEXICALTZINGO
CVE_MUN_SSA,15056,MORELOS
CVE_MUN_SSA,15057,NAUCALPAN DE JUÁREZ
CVE_MUN_SSA,15058,NEZAHUALCÓYOTL
CVE_MUN_SSA,15059,NEXTLALPAN
CVE_MUN_SSA,15060,NICOLÁS ROMERO
CVE_MUN_SSA,15061,NOPALTEPEC
CVE_MUN_SSA,15062,OCOYOACAC
CVE_MUN_SSA,15063,OCUILAN
CVE_MUN_SSA,15064,EL ORO
CVE_MUN_SSA,15065,OTUMBA
CVE_MUN_SSA,15066,OTZOLOAPAN
CVE_MUN_SSA,15067,OTZOLOTEPEC
CVE_MUN_SSA,15068,OZUMBA
CVE_MUN_SSA,15069,PAPALOTLA
CVE_MUN_SSA,15070,LA PAZ
CVE_MUN_SSA,15071,POLOTITLÁN
CVE_MUN_SSA,15072,RAYÓN
CVE_MUN_SSA,15073,SAN ANTONIO LA ISLA
CVE_MUN_SSA,15074,SAN FELIPE DEL PROGRESO
CVE_MUN_SSA,15075,SAN MARTÍN DE LAS PIRÁMIDES
CVE_MUN_SSA,15076,SAN MATEO ATENCO
CVE_MUN_SSA,15077,SAN SIMÓN DE GUERRERO
CVE_MUN_SSA,15078,SANTO TOMÁS
CVE_MUN_SSA,15079,SOYANIQUILPAN DE JUÁREZ
CVE_MUN_SSA,15080,SULTEPEC
CVE_MUN_SSA,15081,TECÁMAC
CVE_MUN_SSA,15082,TEJUPILCO
CVE_MUN_SSA,15083,TEMAMATLA
CVE_MUN_SSA,15084,TEMASCALAPA
CVE_MUN_SSA,15085,TEMASCALCINGO
CVE_MUN_SSA,15086,TEMASCALTEPEC
CVE_MUN_SSA,15087,TEMOAYA
CVE_MUN_SSA,15088,TENANCINGO
CVE_MUN_SSA,15089,TENANGO DEL AIRE
CVE_MUN_SSA,15090,TENANGO DEL VALLE
CVE_MUN_SSA,15091,TEOLOYUCAN
CVE_MUN_SSA,15092,TEOTIHUACÁN
CVE_MUN_SSA,15093,TEPETLAOXTOC
CVE_MUN_SSA,15094,TEPETLIXPA
CVE_MUN_SSA,15095,TEPOTZOTLÁN
CVE_MUN_SSA,15096,TEQUIXQUIAC
CVE_MUN_SSA,15097,TEXCALTITLÁN
CVE_MUN_SSA,15098,TEXCALYACAC
CVE_MUN_SSA,15099,TEXCOCO
CVE_MUN_SSA,15100,TEZOYUCA
CVE_MUN_SSA,15101,TIANGUISTENCO
CVE_MUN_SSA,15102,TIMILPAN
CVE_MUN_SSA,15103,TLALMANALCO
CVE_MUN_SSA,15104,TLALNEPANTLA DE BAZ
CVE_MUN_SSA,15105,TLATLAYA
CVE_MUN_SSA,15106,TOLUCA
CVE_MUN_SSA,15107,TONATICO
CVE_MUN_SSA,15108,TULTEPEC
CVE_MUN_SSA,15109,TULTITLÁN
CVE_MUN_SSA,15110,VALLE DE BRAVO
CVE_MUN_SSA,15111,VILLA DE ALLENDE
CVE_MUN_SSA,15112,VILLA DEL CARBÓN
CVE_MUN_SSA,15113,VILLA GUERRERO
CVE_MUN_SSA,15114,VILLA VICTORIA
CVE_MUN_SSA,15115,XONACATLÁN
CVE_MUN_SSA,15116,ZACAZONAPAN
CVE_MUN_SSA,15117,ZACUALPAN
CVE_MUN_SSA,15118,ZINACANTEPEC
CVE_MUN_SSA,15119,ZUMPAHUACÁN
CVE_MUN_SSA,15120,ZUMPANGO
CVE_MUN_SSA,15121,CUAUTITLÁN IZCALLI
CVE_MUN_SSA,15122,VALLE DE CHALCO SOLIDARIDAD
CVE_MUN_SSA,15123,LUVIANOS
CVE_MUN_SSA,15124,SAN JOSÉ DEL RINCÓN
CVE_MUN_SSA,15125,TONANITLA
CVE_MUN_SSA,15999,NO ESPECIFICADO
CVE_MUN_SSA,16001,ACUITZIO
CVE_MUN_SSA,16002,AGUILILLA
CVE_MUN_SSA,16003,ÁLVARO OBREGÓN
CVE_MUN_SSA,16004,ANGAMACUTIRO
CVE_MUN_SSA,16005,ANGANGUEO
CVE_MUN_SSA,16006,APATZINGÁN
CVE_MUN_SSA,16007,APORO
CVE_MUN_SSA,16008,AQUILA
CVE_MUN_SSA,16009,ARIO
CVE_MUN_SSA,16010,ARTEAGA
CVE_MUN_SSA,16011,BRISEÑAS
CVE_MUN_SSA,16012,BUENAVISTA
CVE_MUN_SSA,16013,CARÁCUARO
CVE_MUN_SSA,16014,COAHUAYANA
CVE_MUN_SSA,16015,COALCOMÁN DE VÁZQUEZ PALLARES
CVE_MUN_SSA,16016,COENEO
CVE_MUN_SSA,16017,CONTEPEC
CVE_MUN_SSA,16018,COPÁNDARO
CVE_MUN_SSA,16019,COTIJA
CVE_MUN_SSA,16020,CUITZEO
CVE_MUN_SSA,16021,CHARAPAN
CVE_MUN_SSA,16022,CHARO
CVE_MUN_SSA,16023,CHAVINDA
CVE_MUN_SSA,16024,CHERÁN
CVE_MUN_SSA,16025,CHILCHOTA
CVE_MUN_SSA,16026,CHINICUILA
CVE_MUN_SSA,16027,CHUCÁNDIRO
CVE_MUN_SSA,16028,CHURINTZIO
CVE_MUN_SSA,16029,CHURUMUCO
CVE_MUN_SSA,16030,ECUANDUREO
CVE_MUN_SSA,16031,EPITACIO HUERTA
CVE_MUN_SSA,16032,ERONGARÍCUARO
CVE_MUN_SSA,16033,GABRIEL ZAMORA
CVE_MUN_SSA,16034,HIDALGO
CVE_MUN_SSA,16035,LA HUACANA
CVE_MUN_SSA,16036,HUANDACAREO
CVE_MUN_SSA,16037,HUANIQUEO
CVE_MUN_SSA,16038,HUETAMO
CVE_MUN_SSA,16039,HUIRAMBA
CVE_MUN_SSA,16040,INDAPARAPEO
CVE_MUN_SSA,16041,IRIMBO
CVE_MUN_SSA,16042,IXTLÁN
CVE_MUN_SSA,16043,JACONA
CVE_MUN_SSA,16044,JIMÉNEZ
CVE_MUN_SSA,16045,JIQUILPAN
CVE_MUN_SSA,16046,JUÁREZ
CVE_MUN_SSA,16047,JUNGAPEO
CVE_MUN_SSA,16048,LAGUNILLAS
CVE_MUN_SSA,16049,MADERO
CVE_MUN_SSA,16050,MARAVATÍO
CVE_MUN_SSA,16051,MARCOS CASTELLANOS
CVE_MUN_SSA,16052,LÁZARO CÁRDENAS
CVE_MUN_SSA,16053,MORELIA
CVE_MUN_SSA,16054,MORELOS
CVE_MUN_SSA,16055,MÚGICA
CVE_MUN_SSA,16056,NAHUATZEN
CVE_MUN_SSA,16057,NOCUPÉTARO
CVE_MUN_SSA,16058,NUEVO PARANGARICUTIRO
CVE_MUN_SSA,16059,NUEVO URECHO
CVE_MUN_SSA,16060,NUMARÁN
CVE_MUN_SSA,16061,OCAMPO
CVE_MUN_SSA,16062,PAJACUARÁN
CVE_MUN_SSA,16063,PANINDÍCUARO
CVE_MUN_SSA,16064,PARÁCUARO
CVE_MUN_SSA,16065,PARACHO
CVE_MUN_SSA,16066,PÁTZCUARO
CVE_MUN_SSA,16067,PENJAMILLO
CVE_MUN_SSA,16068,PERIBÁN
CVE_MUN_SSA,16069,LA PIEDAD
CVE_MUN_SSA,16070,PURÉPERO
CVE_MUN_SSA,16071,PURUÁNDIRO
CVE_MUN_SSA,16072,QUERÉNDARO
CVE_MUN_SSA,16073,QUIROGA
CVE_MUN_SSA,16074,COJUMATLÁN DE RÉGULES
CVE_MUN_SSA,16075,LOS REYES
CVE_MUN_SSA,16076,SAHUAYO
CVE_MUN_SSA,16077,SAN LUCAS
CVE_MUN_SSA,16078,SANTA ANA MAYA
CVE_MUN_SSA,16079,SALVADOR ESCALANTE
CVE_MUN_SSA,16080,SENGUIO
CVE_MUN_SSA,16081,SUSUPUATO
CVE_MUN_SSA,16082,TACÁMBARO
CVE_MUN_SSA,16083,TANCÍTARO
CVE_MUN_SSA,16084,TANGAMANDAPIO
CVE_MUN_SSA,16085,TANGANCÍCUARO
CVE_MUN_SSA,16086,TANHUATO
CVE_MUN_SSA,16087,TARETAN
CVE_MUN_SSA,16088,TARÍMBARO
CVE_MUN_SSA,16089,TEPALCATEPEC
CVE_MUN_SSA,16090,TINGAMBATO
CVE_MUN_SSA,16091,TINGÜINDÍN
CVE_MUN_SSA,16092,TIQUICHEO DE NICOLÁS ROMERO
CVE_MUN_SSA,16093,TLALPUJAHUA
CVE_MUN_SSA,16094,TLAZAZALCA
CVE_MUN_SSA,16095,TOCUMBO
CVE_MUN_SSA,16096,TUMBISCATÍO
CVE_MUN_SSA,16097,TURICATO
CVE_MUN_SSA,16098,TUXPAN
CVE_MUN_SSA,16099,TUZANTLA
CVE_MUN_SSA,16100,TZINTZUNTZAN
CVE_MUN_SSA,16101,TZITZIO
CVE_MUN_SSA,16102,URUAPAN
CVE_MUN_SSA,16103,VENUSTIANO CARRANZA
CVE_MUN_SSA,16104,VILLAMAR
CVE_MUN_SSA,16105,VISTA HERMOSA
CVE_MUN_SSA,16106,YURÉCUARO
CVE_MUN_SSA,16107,ZACAPU
CVE_MUN_SSA,16108,ZAMORA
CVE_MUN_SSA,16109,ZINÁPARO
CVE_MUN_SSA,16110,ZINAPÉCUARO
CVE_MUN_SSA,16111,ZIRACUARETIRO
CVE_MUN_SSA,16112,ZITÁCUARO
CVE_MUN_SSA,16113,JOSÉ SIXTO VERDUZCO
CVE_MUN_SSA,16999,NO ESPECIFICADO
CVE_MUN_SSA,17001,AMACUZAC
CVE_MUN_SSA,17002,ATLATLAHUCAN
CVE_MUN_SSA,17003,AXOCHIAPAN
CVE_MUN_SSA,17004,AYALA
CVE_MUN_SSA,17005,COATLÁN DEL RÍO
CVE_MUN_SSA,17006,CUAUTLA
CVE_MUN_SSA,17007,CUERNAVACA
CVE_MUN_SSA,17008,EMILIANO ZAPATA
CVE_MUN_SSA,17009,HUITZILAC
CVE_MUN_SSA,17010,JANTETELCO
CVE_MUN_SSA,17011,JIUTEPEC
CVE_MUN_SSA,17012,JOJUTLA
CVE_MUN_SSA,17013,JONACATEPEC DE LEANDRO VALLE
CVE_MUN_SSA,17014,MAZATEPEC
CVE_MUN_SSA,17015,MIACATLÁN
CVE_MUN_SSA,17016,OCUITUCO
CVE_MUN_SSA,17017,PUENTE DE IXTLA
CVE_MUN_SSA,17018,TEMIXCO
CVE_MUN_SSA,17019,TEPALCINGO
CVE_MUN_SSA,17020,TEPOZTLÁN
CVE_MUN_SSA,17021,TETECALA
CVE_MUN_SSA,17022,TETELA DEL VOLCÁN
CVE_MUN_SSA,17023,TLALNEPANTLA
CVE_MUN_SSA,17024,TLALTIZAPÁN DE ZAPATA
CVE_MUN_SSA,17025,TLAQUILTENANGO
CVE_MUN_SSA,17026,TLAYACAPAN
CVE_MUN_SSA,17027,TOTOLAPAN
CVE_MUN_SSA,17028,XOCHITEPEC
CVE_MUN_SSA,17029,YAUTEPEC
CVE_MUN_SSA,17030,YECAPIXTLA
CVE_MUN_SSA,17031,ZACATEPEC
CVE_MUN_SSA,17032,ZACUALPAN DE AMILPAS
CVE_MUN_SSA,17033,TEMOAC
CVE_MUN_SSA,17034,COATETELCO
CVE_MUN_SSA,17035,XOXOCOTLA
CVE_MUN_SSA,17999,NO ESPECIFICADO
CVE_MUN_SSA,18001,ACAPONETA
CVE_MUN_SSA,18002,AHUACATLÁN
CVE_MUN_SSA,18003,AMATLÁN DE CAÑAS
CVE_MUN_SSA,18004,COMPOSTELA
CVE_MUN_SSA,18005,HUAJICORI
CVE_MUN_SSA,18006,IXTLÁN DEL RÍO
CVE_MUN_SSA,18007,JALA
CVE_MUN_SSA,18008,XALISCO
CVE_MUN_SSA,18009,DEL NAYAR
CVE_MUN_SSA,18010,ROSAMORADA
CVE_MUN_SSA,18011,RUÍZ
CVE_MUN_SSA,18012,SAN BLAS
CVE_MUN_SSA,18013,SAN PEDRO LAGUNILLAS
CVE_MUN_SSA,18014,SANTA MARÍA DEL ORO
CVE_MUN_SSA,18015,SANTIAGO IXCUINTLA
CVE_MUN_SSA,18016,TECUALA
CVE_MUN_SSA,18017,TEPIC
CVE_MUN_SSA,18018,TUXPAN
CVE_MUN_SSA,18019,LA YESCA
CVE_MUN_SSA,18020,BAHÍA DE BANDERAS
CVE_MUN_SSA,18999,NO ESPECIFICADO
CVE_MUN_SSA,19001,ABASOLO
CVE_MUN_SSA,19002,AGUALEGUAS
CVE_MUN_SSA,19003,LOS ALDAMAS
CVE_MUN_SSA,19004,ALLENDE
CVE_MUN_SSA,19005,ANÁHUAC
CVE_MUN_SSA,19006,APODACA
CVE_MUN_SSA,19007,ARAMBERRI
CVE_MUN_SSA,19008,BUSTAMANTE
CVE_MUN_SSA,19009,CADEREYTA JIMÉNEZ
CVE_MUN_SSA,19010,EL CARMEN
CVE_MUN_SSA,19011,CERRALVO
CVE_MUN_SSA,19012,CIÉNEGA DE FLORES
CVE_MUN_SSA,19013,CHINA
CVE_MUN_SSA,19014,DOCTOR ARROYO
CVE_MUN_SSA,19015,DOCTOR COSS
CVE_MUN_SSA,19016,DOCTOR GONZÁLEZ
CVE_MUN_SSA,19017,GALEANA
CVE_MUN_SSA,19018,GARCÍA
CVE_MUN_SSA,19019,SAN PEDRO GARZA GARCÍA
CVE_MUN_SSA,19020,GENERAL BRAVO
CVE_MUN_SSA,19021,GENERAL ESCOBEDO
CVE_MUN_SSA,19022,GENERAL TERÁN
CVE_MUN_SSA,19023,GENERAL TREVIÑO
CVE_MUN_SSA,19024,GENERAL ZARAGOZA
CVE_MUN_SSA,19025,GENERAL ZUAZUA
CVE_MUN_SSA,19026,GUADALUPE
CVE_MUN_SSA,19027,LOS HERRERAS
CVE_MUN_SSA,19028,HIGUERAS
CVE_MUN_SSA,19029,HUALAHUISES
CVE_MUN_SSA,19030,ITURBIDE
CVE_MUN_SSA,19031,JUÁREZ
CVE_MUN_SSA,19032,LAMPAZOS DE NARANJO
CVE_MUN_SSA,19033,LINARES
CVE_MUN_SSA,19034,MARÍN
CVE_MUN_SSA,19035,MELCHOR OCAMPO
CVE_MUN_SSA,19036,MIER Y NORIEGA
CVE_MUN_SSA,19037,MINA
CVE_MUN_SSA,19038,MONTEMORELOS
CVE_MUN_SSA,19039,MONTERREY
CVE_MUN_SSA,19040,PARÁS
CVE_MUN_SSA,19041,PESQUERÍA
CVE_MUN_SSA,19042,LOS RAMONES
CVE_MUN_SSA,19043,RAYONES
CVE_MUN_SSA,19044,SABINAS HIDALGO
CVE_MUN_SSA,19045,SALINAS VICTORIA
CVE_MUN_SSA,19046,SAN NICOLÁS DE LOS GARZA
CVE_MUN_SSA,19047,HIDALGO
CVE_MUN_SSA,19048,SANTA CATARINA
CVE_MUN_SSA,19049,SANTIAGO
CVE_MUN_SSA,19050,VALLECILLO
CVE_MUN_SSA,19051,VILLALDAMA
CVE_MUN_SSA,19999,NO ESPECIFICADO
CVE_MUN_SSA,20001,ABEJONES
CVE_MUN_SSA,20002,ACATLÁN DE PÉREZ FIGUEROA
CVE_MUN_SSA,20003,ASUNCIÓN CACALOTEPEC
CVE_MUN_SSA,20004,ASUNCIÓN CUYOTEPEJI
CVE_MUN_SSA,20005,ASUNCIÓN IXTALTEPEC
CVE_MUN_SSA,20006,ASUNCIÓN NOCHIXTLÁN
CVE_MUN_SSA,20007,ASUNCIÓN OCOTLÁN
CVE_MUN_SSA,20008,ASUNCIÓN TLACOLULITA
CVE_MUN_SSA,20009,AYOTZINTEPEC
CVE_MUN_SSA,20010,EL BARRIO DE LA SOLEDAD
CVE_MUN_SSA,20011,CALIHUALÁ
CVE_MUN_SSA,20012,CANDELARIA LOXICHA
CVE_MUN_SSA,20013,CIÉNEGA DE ZIMATLÁN
CVE_MUN_SSA,20014,CIUDAD IXTEPEC
CVE_MUN_SSA,20015,COATECAS ALTAS
CVE_MUN_SSA,20016,COICOYÁN DE LAS FLORES
CVE_MUN_SSA,20017,LA COMPAÑÍA
CVE_MUN_SSA,20018,CONCEPCIÓN BUENAVISTA
CVE_MUN_SSA,20019,CONCEPCIÓN PÁPALO
CVE_MUN_SSA,20020,CONSTANCIA DEL ROSARIO
CVE_MUN_SSA,20021,COSOLAPA
CVE_MUN_SSA,20022,COSOLTEPEC
CVE_MUN_SSA,20023,CUILÁPAM DE GUERRERO
CVE_MUN_SSA,20024,CUYAMECALCO VILLA DE ZARAGOZA
CVE_MUN_SSA,20025,CHAHUITES
CVE_MUN_SSA,20026,CHALCATONGO DE HIDALGO
CVE_MUN_SSA,20027,CHIQUIHUITLÁN DE BENITO JUÁREZ
CVE_MUN_SSA,20028,HEROICA CIUDAD DE EJUTLA DE CRESPO
CVE_MUN_SSA,20029,ELOXOCHITLÁN DE FLORES MAGÓN
CVE_MUN_SSA,20030,EL ESPINAL
CVE_MUN_SSA,20031,TAMAZULÁPAM DEL ESPÍRITU SANTO
CVE_MUN_SSA,20032,FRESNILLO DE TRUJANO
CVE_MUN_SSA,20033,GUADALUPE ETLA
CVE_MUN_SSA,20034,GUADALUPE DE RAMÍREZ
CVE_MUN_SSA,20035,GUELATAO DE JUÁREZ
CVE_MUN_SSA,20036,GUEVEA DE HUMBOLDT
CVE_MUN_SSA,20037,MESONES HIDALGO
CVE_MUN_SSA,20038,VILLA HIDALGO
CVE_MUN_SSA,20039,HEROICA CIUDAD DE HUAJUAPAN DE LEÓN
CVE_MUN_SSA,20040,HUAUTEPEC
CVE_MUN_SSA,20041,HUAUTLA DE JIMÉNEZ
CVE_MUN_SSA,20042,IXTLÁN DE JUÁREZ
CVE_MUN_SSA,20043,JUCHITÁN DE ZARAGOZA
CVE_MUN_SSA,20044,LOMA BONITA
CVE_MUN_SSA,20045,MAGDALENA APASCO
CVE_MUN_SSA,20046,MAGDALENA JALTEPEC
CVE_MUN_SSA,20047,SANTA MAGDALENA JICOTLÁN
CVE_MUN_SSA,20048,MAGDALENA MIXTEPEC
CVE_MUN_SSA,20049,MAGDALENA OCOTLÁN
CVE_MUN_SSA,20050,MAGDALENA PEÑASCO
CVE_MUN_SSA,20051,MAGDALENA TEITIPAC
CVE_MUN_SSA,20052,MAGDALENA TEQUISISTLÁN
CVE_MUN_SSA,20053,MAGDALENA TLACOTEPEC
CVE_MUN_SSA,20054,MAGDALENA ZAHUATLÁN
CVE_MUN_SSA,20055,MARISCALA DE JUÁREZ
CVE_MUN_SSA,20056,MÁRTIRES DE TACUBAYA
CVE_MUN_SSA,20057,MATÍAS ROMERO AVENDAÑO
CVE_MUN_SSA,20058,MAZATLÁN VILLA DE FLORES
CVE_MUN_SSA,20059,MIAHUATLÁN DE PORFIRIO DÍAZ
CVE_MUN_SSA,20060,MIXISTLÁN DE LA REFORMA
CVE_MUN_SSA,20061,MONJAS
CVE_MUN_SSA,20062,NATIVIDAD
CVE_MUN_SSA,20063,NAZARENO ETLA
CVE_MUN_SSA,20064,NEJAPA DE MADERO
CVE_MUN_SSA,20065,IXPANTEPEC NIEVES
CVE_MUN_SSA,20066,SANTIAGO NILTEPEC
CVE_MUN_SSA,20067,OAXACA DE JUÁREZ
CVE_MUN_SSA,20068,OCOTLÁN DE MORELOS
CVE_MUN_SSA,20069,LA PE
CVE_MUN_SSA,20070,PINOTEPA DE DON LUIS
CVE_MUN_SSA,20071,PLUMA HIDALGO
CVE_MUN_SSA,20072,SAN JOSÉ DEL PROGRESO
CVE_MUN_SSA,20073,PUTLA VILLA DE GUERRERO
CVE_MUN_SSA,20074,SANTA CATARINA QUIOQUITANI
CVE_MUN_SSA,20075,REFORMA DE PINEDA
CVE_MUN_SSA,20076,LA REFORMA
CVE_MUN_SSA,20077,REYES ETLA
CVE_MUN_SSA,20078,ROJAS DE CUAUHTÉMOC
CVE_MUN_SSA,20079,SALINA CRUZ
CVE_MUN_SSA,20080,SAN AGUSTÍN AMATENGO
CVE_MUN_SSA,20081,SAN AGUSTÍN ATENANGO
CVE_MUN_SSA,20082,SAN AGUSTÍN CHAYUCO
CVE_MUN_SSA,20083,SAN AGUSTÍN DE LAS JUNTAS
CVE_MUN_SSA,20084,SAN AGUSTÍN ETLA
CVE_MUN_SSA,20085,SAN AGUSTÍN LOXICHA
CVE_MUN_SSA,20086,SAN AGUSTÍN TLACOTEPEC
CVE_MUN_SSA,20087,SAN AGUSTÍN YATARENI
CVE_MUN_SSA,20088,SAN ANDRÉS CABECERA NUEVA
CVE_MUN_SSA,20089,SAN ANDRÉS DINICUITI
CVE_MUN_SSA,20090,SAN ANDRÉS HUAXPALTEPEC
CVE_MUN_SSA,20091,SAN ANDRÉS HUAYÁPAM
CVE_MUN_SSA,20092,SAN ANDRÉS IXTLAHUACA
CVE_MUN_SSA,20093,SAN ANDRÉS LAGUNAS
CVE_MUN_SSA,20094,SAN ANDRÉS NUXIÑO
CVE_MUN_SSA,20095,SAN ANDRÉS PAXTLÁN
CVE_MUN_SSA,20096,SAN ANDRÉS SINAXTLA
CVE_MUN_SSA,20097,SAN ANDRÉS SOLAGA
CVE_MUN_SSA,20098,SAN ANDRÉS TEOTILÁLPAM
CVE_MUN_SSA,20099,SAN ANDRÉS TEPETLAPA
CVE_MUN_SSA,20100,SAN ANDRÉS YAÁ
CVE_MUN_SSA,20101,SAN ANDRÉS ZABACHE
CVE_MUN_SSA,20102,SAN ANDRÉS ZAUTLA
CVE_MUN_SSA,20103,SAN ANTONINO CASTILLO VELASCO
CVE_MUN_SSA,20104,SAN ANTONINO EL ALTO
CVE_MUN_SSA,20105,SAN ANTONINO MONTE VERDE
CVE_MUN_SSA,20106,SAN ANTONIO ACUTLA
CVE_MUN_SSA,20107,SAN ANTONIO DE LA CAL
CVE_MUN_SSA,20108,SAN ANTONIO HUITEPEC
CVE_MUN_SSA,20109,SAN ANTONIO NANAHUATÍPAM
CVE_MUN_SSA,20110,SAN ANTONIO SINICAHUA
CVE_MUN_SSA,20111,SAN ANTONIO TEPETLAPA
CVE_MUN_SSA,20112,SAN BALTAZAR CHICHICÁPAM
CVE_MUN_SSA,20113,SAN BALTAZAR LOXICHA
CVE_MUN_SSA,20114,SAN BALTAZAR YATZACHI EL BAJO
CVE_MUN_SSA,20115,SAN BARTOLO COYOTEPEC
CVE_MUN_SSA,20116,SAN BARTOLOMÉ AYAUTLA
CVE_MUN_SSA,20117,SAN BARTOLOMÉ LOXICHA
CVE_MUN_SSA,20118,SAN BARTOLOMÉ QUIALANA
CVE_MUN_SSA,20119,SAN BARTOLOMÉ YUCUAÑE
CVE_MUN_SSA,20120,SAN BARTOLOMÉ ZOOGOCHO
CVE_MUN_SSA,20121,SAN BARTOLO SOYALTEPEC
CVE_MUN_SSA,20122,SAN BARTOLO YAUTEPEC
CVE_MUN_SSA,20123,SAN BERNARDO MIXTEPEC
CVE_MUN_SSA,20124,SAN BLAS ATEMPA
CVE_MUN_SSA,20125,SAN CARLOS YAUTEPEC
CVE_MUN_SSA,20126,SAN CRISTÓBAL AMATLÁN
CVE_MUN_SSA,20127,SAN CRISTÓBAL AMOLTEPEC
CVE_MUN_SSA,20128,SAN CRISTÓBAL LACHIRIOAG
CVE_MUN_SSA,20129,SAN CRISTÓBAL SUCHIXTLAHUACA
CVE_MUN_SSA,20130,SAN DIONISIO DEL MAR
CVE_MUN_SSA,20131,SAN DIONISIO OCOTEPEC
CVE_MUN_SSA,20132,SAN DIONISIO OCOTLÁN
CVE_MUN_SSA,20133,SAN ESTEBAN ATATLAHUCA
CVE_MUN_SSA,20134,SAN FELIPE JALAPA DE DÍAZ
CVE_MUN_SSA,20135,SAN FELIPE TEJALÁPAM
CVE_MUN_SSA,20136,SAN FELIPE USILA
CVE_MUN_SSA,20137,SAN FRANCISCO CAHUACUÁ
CVE_MUN_SSA,20138,SAN FRANCISCO CAJONOS
CVE_MUN_SSA,20139,SAN FRANCISCO CHAPULAPA
CVE_MUN_SSA,20140,SAN FRANCISCO CHINDÚA
CVE_MUN_SSA,20141,SAN FRANCISCO DEL MAR
CVE_MUN_SSA,20142,SAN FRANCISCO HUEHUETLÁN
CVE_MUN_SSA,20143,SAN FRANCISCO IXHUATÁN
CVE_MUN_SSA,20144,SAN FRANCISCO JALTEPETONGO
CVE_MUN_SSA,20145,SAN FRANCISCO LACHIGOLÓ
CVE_MUN_SSA,20146,SAN FRANCISCO LOGUECHE
CVE_MUN_SSA,20147,SAN FRANCISCO NUXAÑO
CVE_MUN_SSA,20148,SAN FRANCISCO OZOLOTEPEC
CVE_MUN_SSA,20149,SAN FRANCISCO SOLA
CVE_MUN_SSA,20150,SAN FRANCISCO TELIXTLAHUACA
CVE_MUN_SSA,20151,SAN FRANCISCO TEOPAN
CVE_MUN_SSA,20152,SAN FRANCISCO TLAPANCINGO
CVE_MUN_SSA,20153,SAN GABRIEL MIXTEPEC
CVE_MUN_SSA,20154,SAN ILDEFONSO AMATLÁN
CVE_MUN_SSA,20155,SAN ILDEFONSO SOLA
CVE_MUN_SSA,20156,SAN ILDEFONSO VILLA ALTA
CVE_MUN_SSA,20157,SAN JACINTO AMILPAS
CVE_MUN_SSA,20158,SAN JACINTO TLACOTEPEC
CVE_MUN_SSA,20159,SAN JERÓNIMO COATLÁN
CVE_MUN_SSA,20160,SAN JERÓNIMO SILACAYOAPILLA
CVE_MUN_SSA,20161,SAN JERÓNIMO SOSOLA
CVE_MUN_SSA,20162,SAN JERÓNIMO TAVICHE
CVE_MUN_SSA,20163,SAN JERÓNIMO TECÓATL
CVE_MUN_SSA,20164,SAN JORGE NUCHITA
CVE_MUN_SSA,20165,SAN JOSÉ AYUQUILA
CVE_MUN_SSA,20166,SAN JOSÉ CHILTEPEC
CVE_MUN_SSA,20167,SAN JOSÉ DEL PEÑASCO
CVE_MUN_SSA,20168,SAN JOSÉ ESTANCIA GRANDE
CVE_MUN_SSA,20169,SAN JOSÉ INDEPENDENCIA
CVE_MUN_SSA,20170,SAN JOSÉ LACHIGUIRI
CVE_MUN_SSA,20171,SAN JOSÉ TENANGO
CVE_MUN_SSA,20172,SAN JUAN ACHIUTLA
CVE_MUN_SSA,20173,SAN JUAN ATEPEC
CVE_MUN_SSA,20174,ÁNIMAS TRUJANO
CVE_MUN_SSA,20175,SAN JUAN BAUTISTA ATATLAHUCA
CVE_MUN_SSA,20176,SAN JUAN BAUTISTA COIXTLAHUACA
CVE_MUN_SSA,20177,SAN JUAN BAUTISTA CUICATLÁN
CVE_MUN_SSA,20178,SAN JUAN BAUTISTA GUELACHE
CVE_MUN_SSA,20179,SAN JUAN BAUTISTA JAYACATLÁN
CVE_MUN_SSA,20180,SAN JUAN BAUTISTA LO DE SOTO
CVE_MUN_SSA,20181,SAN JUAN BAUTISTA SUCHITEPEC
CVE_MUN_SSA,20182,SAN JUAN BAUTISTA TLACOATZINTEPEC
CVE_MUN_SSA,20183,SAN JUAN BAUTISTA TLACHICHILCO
CVE_MUN_SSA,20184,SAN JUAN BAUTISTA TUXTEPEC
CVE_MUN_SSA,20185,SAN JUAN CACAHUATEPEC
CVE_MUN_SSA,20186,SAN JUAN CIENEGUILLA
CVE_MUN_SSA,20187,SAN JUAN COATZÓSPAM
CVE_MUN_SSA,20188,SAN JUAN COLORADO
CVE_MUN_SSA,20189,SAN JUAN COMALTEPEC
CVE_MUN_SSA,20190,SAN JUAN COTZOCÓN
CVE_MUN_SSA,20191,SAN JUAN CHICOMEZÚCHIL
CVE_MUN_SSA,20192,SAN JUAN CHILATECA
CVE_MUN_SSA,20193,SAN JUAN DEL ESTADO
CVE_MUN_SSA,20194,SAN JUAN DEL RÍO
CVE_MUN_SSA,20195,SAN JUAN DIUXI
CVE_MUN_SSA,20196,SAN JUAN EVANGELISTA ANALCO
CVE_MUN_SSA,20197,SAN JUAN GUELAVÍA
CVE_MUN_SSA,20198,SAN JUAN GUICHICOVI
CVE_MUN_SSA,20199,SAN JUAN IHUALTEPEC
CVE_MUN_SSA,20200,SAN JUAN JUQUILA MIXES
CVE_MUN_SSA,20201,SAN JUAN JUQUILA VIJANOS
CVE_MUN_SSA,20202,SAN JUAN LACHAO
CVE_MUN_SSA,20203,SAN JUAN LACHIGALLA
CVE_MUN_SSA,20204,SAN JUAN LAJARCIA
CVE_MUN_SSA,20205,SAN JUAN LALANA
CVE_MUN_SSA,20206,SAN JUAN DE LOS CUÉS
CVE_MUN_SSA,20207,SAN JUAN MAZATLÁN
CVE_MUN_SSA,20208,SAN JUAN MIXTEPEC
CVE_MUN_SSA,20209,SAN JUAN MIXTEPEC
CVE_MUN_SSA,20210,SAN JUAN ÑUMÍ
CVE_MUN_SSA,20211,SAN JUAN OZOLOTEPEC
CVE_MUN_SSA,20212,SAN JUAN PETLAPA
CVE_MUN_SSA,20213,SAN JUAN QUIAHIJE
CVE_MUN_SSA,20214,SAN JUAN QUIOTEPEC
CVE_MUN_SSA,20215,SAN JUAN SAYULTEPEC
CVE_MUN_SSA,20216,SAN JUAN TABAÁ
CVE_MUN_SSA,20217,SAN JUAN TAMAZOLA
CVE_MUN_SSA,20218,SAN JUAN TEITA
CVE_MUN_SSA,20219,SAN JUAN TEITIPAC
CVE_MUN_SSA,20220,SAN JUAN TEPEUXILA
CVE_MUN_SSA,20221,SAN JUAN TEPOSCOLULA
CVE_MUN_SSA,20222,SAN JUAN YAEÉ
CVE_MUN_SSA,20223,SAN JUAN YATZONA
CVE_MUN_SSA,20224,SAN JUAN YUCUITA
CVE_MUN_SSA,20225,SAN LORENZO
CVE_MUN_SSA,20226,SAN LORENZO ALBARRADAS
CVE_MUN_SSA,20227,SAN LORENZO CACAOTEPEC
CVE_MUN_SSA,20228,SAN LORENZO CUAUNECUILTITLA
CVE_MUN_SSA,20229,SAN LORENZO TEXMELÚCAN
CVE_MUN_SSA,20230,SAN LORENZO VICTORIA
CVE_MUN_SSA,20231,SAN LUCAS CAMOTLÁN
CVE_MUN_SSA,20232,SAN LUCAS OJITLÁN
CVE_MUN_SSA,20233,SAN LUCAS QUIAVINÍ
CVE_MUN_SSA,20234,SAN LUCAS ZOQUIÁPAM
CVE_MUN_SSA,20235,SAN LUIS AMATLÁN
CVE_MUN_SSA,20236,SAN MARCIAL OZOLOTEPEC
CVE_MUN_SSA,20237,SAN MARCOS ARTEAGA
CVE_MUN_SSA,20238,SAN MARTÍN DE LOS CANSECOS
CVE_MUN_SSA,20239,SAN MARTÍN HUAMELÚLPAM
CVE_MUN_SSA,20240,SAN MARTÍN ITUNYOSO
CVE_MUN_SSA,20241,SAN MARTÍN LACHILÁ
CVE_MUN_SSA,20242,SAN MARTÍN PERAS
CVE_MUN_SSA,20243,SAN MARTÍN TILCAJETE
CVE_MUN_SSA,20244,SAN MARTÍN TOXPALAN
CVE_MUN_SSA,20245,SAN MARTÍN ZACATEPEC
CVE_MUN_SSA,20246,SAN MATEO CAJONOS
CVE_MUN_SSA,20247,CAPULÁLPAM DE MÉNDEZ
CVE_MUN_SSA,20248,SAN MATEO DEL MAR
CVE_MUN_SSA,20249,SAN MATEO YOLOXOCHITLÁN
CVE_MUN_SSA,20250,SAN MATEO ETLATONGO
CVE_MUN_SSA,20251,SAN MATEO NEJÁPAM
CVE_MUN_SSA,20252,SAN MATEO PEÑASCO
CVE_MUN_SSA,20253,SAN MATEO PIÑAS
CVE_MUN_SSA,20254,SAN MATEO RÍO HONDO
CVE_MUN_SSA,20255,SAN MATEO SINDIHUI
CVE_MUN_SSA,20256,SAN MATEO TLAPILTEPEC
CVE_MUN_SSA,20257,SAN MELCHOR BETAZA
CVE_MUN_SSA,20258,SAN MIGUEL ACHIUTLA
CVE_MUN_SSA,20259,SAN MIGUEL AHUEHUETITLÁN
CVE_MUN_SSA,20260,SAN MIGUEL ALOÁPAM
CVE_MUN_SSA,20261,SAN MIGUEL AMATITLÁN
CVE_MUN_SSA,20262,SAN MIGUEL AMATLÁN
CVE_MUN_SSA,20263,SAN MIGUEL COATLÁN
CVE_MUN_SSA,20264,SAN MIGUEL CHICAHUA
CVE_MUN_SSA,20265,SAN MIGUEL CHIMALAPA
CVE_MUN_SSA,20266,SAN MIGUEL DEL PUERTO
CVE_MUN_SSA,20267,SAN MIGUEL DEL RÍO
CVE_MUN_SSA,20268,SAN MIGUEL EJUTLA
CVE_MUN_SSA,20269,SAN MIGUEL EL GRANDE
CVE_MUN_SSA,20270,SAN MIGUEL HUAUTLA
CVE_MUN_SSA,20271,SAN MIGUEL MIXTEPEC
CVE_MUN_SSA,20272,SAN MIGUEL PANIXTLAHUACA
CVE_MUN_SSA,20273,SAN MIGUEL PERAS
CVE_MUN_SSA,20274,SAN MIGUEL PIEDRAS
CVE_MUN_SSA,20275,SAN MIGUEL QUETZALTEPEC
CVE_MUN_SSA,20276,SAN MIGUEL SANTA FLOR
CVE_MUN_SSA,20277,VILLA SOLA DE VEGA
CVE_MUN_SSA,20278,SAN MIGUEL SOYALTEPEC
CVE_MUN_SSA,20279,SAN MIGUEL SUCHIXTEPEC
CVE_MUN_SSA,20280,VILLA TALEA DE CASTRO
CVE_MUN_SSA,20281,SAN MIGUEL TECOMATLÁN
CVE_MUN_SSA,20282,SAN MIGUEL TENANGO
CVE_MUN_SSA,20283,SAN MIGUEL TEQUIXTEPEC
CVE_MUN_SSA,20284,SAN MIGUEL TILQUIÁPAM
CVE_MUN_SSA,20285,SAN MIGUEL TLACAMAMA
CVE_MUN_SSA,20286,SAN MIGUEL TLACOTEPEC
CVE_MUN_SSA,20287,SAN MIGUEL TULANCINGO
CVE_MUN_SSA,20288,SAN MIGUEL YOTAO
CVE_MUN_SSA,20289,SAN NICOLÁS
CVE_MUN_SSA,20290,SAN NICOLÁS HIDALGO
CVE_MUN_SSA,20291,SAN PABLO COATLÁN
CVE_MUN_SSA,20292,SAN PABLO CUATRO VENADOS
CVE_MUN_SSA,20293,SAN PABLO ETLA
CVE_MUN_SSA,20294,SAN PABLO HUITZO
CVE_MUN_SSA,20295,SAN PABLO HUIXTEPEC
CVE_MUN_SSA,20296,SAN PABLO MACUILTIANGUIS
CVE_MUN_SSA,20297,SAN PABLO TIJALTEPEC
CVE_MUN_SSA,20298,SAN PABLO VILLA DE MITLA
CVE_MUN_SSA,20299,SAN PABLO YAGANIZA
CVE_MUN_SSA,20300,SAN PEDRO AMUZGOS
CVE_MUN_SSA,20301,SAN PEDRO APÓSTOL
CVE_MUN_SSA,20302,SAN PEDRO ATOYAC
CVE_MUN_SSA,20303,SAN PEDRO CAJONOS
CVE_MUN_SSA,20304,SAN PEDRO COXCALTEPEC CÁNTAROS
CVE_MUN_SSA,20305,SAN PEDRO COMITANCILLO
CVE_MUN_SSA,20306,SAN PEDRO EL ALTO
CVE_MUN_SSA,20307,SAN PEDRO HUAMELULA
CVE_MUN_SSA,20308,SAN PEDRO HUILOTEPEC
CVE_MUN_SSA,20309,SAN PEDRO IXCATLÁN
CVE_MUN_SSA,20310,SAN PEDRO IXTLAHUACA
CVE_MUN_SSA,20311,SAN PEDRO JALTEPETONGO
CVE_MUN_SSA,20312,SAN PEDRO JICAYÁN
CVE_MUN_SSA,20313,SAN PEDRO JOCOTIPAC
CVE_MUN_SSA,20314,SAN PEDRO JUCHATENGO
CVE_MUN_SSA,20315,SAN PEDRO MÁRTIR
CVE_MUN_SSA,20316,SAN PEDRO MÁRTIR QUIECHAPA
CVE_MUN_SSA,20317,SAN PEDRO MÁRTIR YUCUXACO
CVE_MUN_SSA,20318,SAN PEDRO MIXTEPEC
CVE_MUN_SSA,20319,SAN PEDRO MIXTEPEC
CVE_MUN_SSA,20320,SAN PEDRO MOLINOS
CVE_MUN_SSA,20321,SAN PEDRO NOPALA
CVE_MUN_SSA,20322,SAN PEDRO OCOPETATILLO
CVE_MUN_SSA,20323,SAN PEDRO OCOTEPEC
CVE_MUN_SSA,20324,SAN PEDRO POCHUTLA
CVE_MUN_SSA,20325,SAN PEDRO QUIATONI
CVE_MUN_SSA,20326,SAN PEDRO SOCHIÁPAM
CVE_MUN_SSA,20327,SAN PEDRO TAPANATEPEC
CVE_MUN_SSA,20328,SAN PEDRO TAVICHE
CVE_MUN_SSA,20329,SAN PEDRO TEOZACOALCO
CVE_MUN_SSA,20330,SAN PEDRO TEUTILA
CVE_MUN_SSA,20331,SAN PEDRO TIDAÁ
CVE_MUN_SSA,20332,SAN PEDRO TOPILTEPEC
CVE_MUN_SSA,20333,SAN PEDRO TOTOLÁPAM
CVE_MUN_SSA,20334,VILLA DE TUTUTEPEC
CVE_MUN_SSA,20335,SAN PEDRO YANERI
CVE_MUN_SSA,20336,SAN PEDRO YÓLOX
CVE_MUN_SSA,20337,SAN PEDRO Y SAN PABLO AYUTLA
CVE_MUN_SSA,20338,VILLA DE ETLA
CVE_MUN_SSA,20339,SAN PEDRO Y SAN PABLO TEPOSCOLULA
CVE_MUN_SSA,20340,SAN PEDRO Y SAN PABLO TEQUIXTEPEC
CVE_MUN_SSA,20341,SAN PEDRO YUCUNAMA
CVE_MUN_SSA,20342,SAN RAYMUNDO JALPAN
CVE_MUN_SSA,20343,SAN SEBASTIÁN ABASOLO
CVE_MUN_SSA,20344,SAN SEBASTIÁN COATLÁN
CVE_MUN_SSA,20345,SAN SEBASTIÁN IXCAPA
CVE_MUN_SSA,20346,SAN SEBASTIÁN NICANANDUTA
CVE_MUN_SSA,20347,SAN SEBASTIÁN RÍO HONDO
CVE_MUN_SSA,20348,SAN SEBASTIÁN TECOMAXTLAHUACA
CVE_MUN_SSA,20349,SAN SEBASTIÁN TEITIPAC
CVE_MUN_SSA,20350,SAN SEBASTIÁN TUTLA
CVE_MUN_SSA,20351,SAN SIMÓN ALMOLONGAS
CVE_MUN_SSA,20352,SAN SIMÓN ZAHUATLÁN
CVE_MUN_SSA,20353,SANTA ANA
CVE_MUN_SSA,20354,SANTA ANA ATEIXTLAHUACA
CVE_MUN_SSA,20355,SANTA ANA CUAUHTÉMOC
CVE_MUN_SSA,20356,SANTA ANA DEL VALLE
CVE_MUN_SSA,20357,SANTA ANA TAVELA
CVE_MUN_SSA,20358,SANTA ANA TLAPACOYAN
CVE_MUN_SSA,20359,SANTA ANA YARENI
CVE_MUN_SSA,20360,SANTA ANA ZEGACHE
CVE_MUN_SSA,20361,SANTA CATALINA QUIERÍ
CVE_MUN_SSA,20362,SANTA CATARINA CUIXTLA
CVE_MUN_SSA,20363,SANTA CATARINA IXTEPEJI
CVE_MUN_SSA,20364,SANTA CATARINA JUQUILA
CVE_MUN_SSA,20365,SANTA CATARINA LACHATAO
CVE_MUN_SSA,20366,SANTA CATARINA LOXICHA
CVE_MUN_SSA,20367,SANTA CATARINA MECHOACÁN
CVE_MUN_SSA,20368,SANTA CATARINA MINAS
CVE_MUN_SSA,20369,SANTA CATARINA QUIANÉ
CVE_MUN_SSA,20370,SANTA CATARINA TAYATA
CVE_MUN_SSA,20371,SANTA CATARINA TICUÁ
CVE_MUN_SSA,20372,SANTA CATARINA YOSONOTÚ
CVE_MUN_SSA,20373,SANTA CATARINA ZAPOQUILA
CVE_MUN_SSA,20374,SANTA CRUZ ACATEPEC
CVE_MUN_SSA,20375,SANTA CRUZ AMILPAS
CVE_MUN_SSA,20376,SANTA CRUZ DE BRAVO
CVE_MUN_SSA,20377,SANTA CRUZ ITUNDUJIA
CVE_MUN_SSA,20378,SANTA CRUZ MIXTEPEC
CVE_MUN_SSA,20379,SANTA CRUZ NUNDACO
CVE_MUN_SSA,20380,SANTA CRUZ PAPALUTLA
CVE_MUN_SSA,20381,SANTA CRUZ TACACHE DE MINA
CVE_MUN_SSA,20382,SANTA CRUZ TACAHUA
CVE_MUN_SSA,20383,SANTA CRUZ TAYATA
CVE_MUN_SSA,20384,SANTA CRUZ XITLA
CVE_MUN_SSA,20385,SANTA CRUZ XOXOCOTLÁN
CVE_MUN_SSA,20386,SANTA CRUZ ZENZONTEPEC
CVE_MUN_SSA,20387,SANTA GERTRUDIS
CVE_MUN_SSA,20388,SANTA INÉS DEL MONTE
CVE_MUN_SSA,20389,SANTA INÉS YATZECHE
CVE_MUN_SSA,20390,SANTA LUCÍA DEL CAMINO
CVE_MUN_SSA,20391,SANTA LUCÍA MIAHUATLÁN
CVE_MUN_SSA,20392,SANTA LUCÍA MONTEVERDE
CVE_MUN_SSA,20393,SANTA LUCÍA OCOTLÁN
CVE_MUN_SSA,20394,SANTA MARÍA ALOTEPEC
CVE_MUN_SSA,20395,SANTA MARÍA APAZCO
CVE_MUN_SSA,20396,SANTA MARÍA LA ASUNCIÓN
CVE_MUN_SSA,20397,HEROICA CIUDAD DE TLAXIACO
CVE_MUN_SSA,20398,AYOQUEZCO DE ALDAMA
CVE_MUN_SSA,20399,SANTA MARÍA ATZOMPA
CVE_MUN_SSA,20400,SANTA MARÍA CAMOTLÁN
CVE_MUN_SSA,20401,SANTA MARÍA COLOTEPEC
CVE_MUN_SSA,20402,SANTA MARÍA CORTIJO
CVE_MUN_SSA,20403,SANTA MARÍA COYOTEPEC
CVE_MUN_SSA,20404,SANTA MARÍA CHACHOÁPAM
CVE_MUN_SSA,20405,VILLA DE CHILAPA DE DÍAZ
CVE_MUN_SSA,20406,SANTA MARÍA CHILCHOTLA
CVE_MUN_SSA,20407,SANTA MARÍA CHIMALAPA
CVE_MUN_SSA,20408,SANTA MARÍA DEL ROSARIO
CVE_MUN_SSA,20409,SANTA MARÍA DEL TULE
CVE_MUN_SSA,20410,SANTA MARÍA ECATEPEC
CVE_MUN_SSA,20411,SANTA MARÍA GUELACÉ
CVE_MUN_SSA,20412,SANTA MARÍA GUIENAGATI
CVE_MUN_SSA,20413,SANTA MARÍA HUATULCO
CVE_MUN_SSA,20414,SANTA MARÍA HUAZOLOTITLÁN
CVE_MUN_SSA,20415,SANTA MARÍA IPALAPA
CVE_MUN_SSA,20416,SANTA MARÍA IXCATLÁN
CVE_MUN_SSA,20417,SANTA MARÍA JACATEPEC
CVE_MUN_SSA,20418,SANTA MARÍA JALAPA DEL MARQUÉS
CVE_MUN_SSA,20419,SANTA MARÍA JALTIANGUIS
CVE_MUN_SSA,20420,SANTA MARÍA LACHIXÍO
CVE_MUN_SSA,20421,SANTA MARÍA MIXTEQUILLA
CVE_MUN_SSA,20422,SANTA MARÍA NATIVITAS
CVE_MUN_SSA,20423,SANTA MARÍA NDUAYACO
CVE_MUN_SSA,20424,SANTA MARÍA OZOLOTEPEC
CVE_MUN_SSA,20425,SANTA MARÍA PÁPALO
CVE_MUN_SSA,20426,SANTA MARÍA PEÑOLES
CVE_MUN_SSA,20427,SANTA MARÍA PETAPA
CVE_MUN_SSA,20428,SANTA MARÍA QUIEGOLANI
CVE_MUN_SSA,20429,SANTA MARÍA SOLA
CVE_MUN_SSA,20430,SANTA MARÍA TATALTEPEC
CVE_MUN_SSA,20431,SANTA MARÍA TECOMAVACA
CVE_MUN_SSA,20432,SANTA MARÍA TEMAXCALAPA
CVE_MUN_SSA,20433,SANTA MARÍA TEMAXCALTEPEC
CVE_MUN_SSA,20434,SANTA MARÍA TEOPOXCO
CVE_MUN_SSA,20435,SANTA MARÍA TEPANTLALI
CVE_MUN_SSA,20436,SANTA MARÍA TEXCATITLÁN
CVE_MUN_SSA,20437,SANTA MARÍA TLAHUITOLTEPEC
CVE_MUN_SSA,20438,SANTA MARÍA TLALIXTAC
CVE_MUN_SSA,20439,SANTA MARÍA TONAMECA
CVE_MUN_SSA,20440,SANTA MARÍA TOTOLAPILLA
CVE_MUN_SSA,20441,SANTA MARÍA XADANI
CVE_MUN_SSA,20442,SANTA MARÍA YALINA
CVE_MUN_SSA,20443,SANTA MARÍA YAVESÍA
CVE_MUN_SSA,20444,SANTA MARÍA YOLOTEPEC
CVE_MUN_SSA,20445,SANTA MARÍA YOSOYÚA
CVE_MUN_SSA,20446,SANTA MARÍA YUCUHITI
CVE_MUN_SSA,20447,SANTA MARÍA ZACATEPEC
CVE_MUN_SSA,20448,SANTA MARÍA ZANIZA
CVE_MUN_SSA,20449,SANTA MARÍA ZOQUITLÁN
CVE_MUN_SSA,20450,SANTIAGO AMOLTEPEC
CVE_MUN_SSA,20451,SANTIAGO APOALA
CVE_MUN_SSA,20452,SANTIAGO APÓSTOL
CVE_MUN_SSA,20453,SANTIAGO ASTATA
CVE_MUN_SSA,20454,SANTIAGO ATITLÁN
CVE_MUN_SSA,20455,SANTIAGO AYUQUILILLA
CVE_MUN_SSA,20456,SANTIAGO CACALOXTEPEC
CVE_MUN_SSA,20457,SANTIAGO CAMOTLÁN
CVE_MUN_SSA,20458,SANTIAGO COMALTEPEC
CVE_MUN_SSA,20459,VILLA DE SANTIAGO CHAZUMBA
CVE_MUN_SSA,20460,SANTIAGO CHOÁPAM
CVE_MUN_SSA,20461,SANTIAGO DEL RÍO
CVE_MUN_SSA,20462,SANTIAGO HUAJOLOTITLÁN
CVE_MUN_SSA,20463,SANTIAGO HUAUCLILLA
CVE_MUN_SSA,20464,SANTIAGO IHUITLÁN PLUMAS
CVE_MUN_SSA,20465,SANTIAGO IXCUINTEPEC
CVE_MUN_SSA,20466,SANTIAGO IXTAYUTLA
CVE_MUN_SSA,20467,SANTIAGO JAMILTEPEC
CVE_MUN_SSA,20468,SANTIAGO JOCOTEPEC
CVE_MUN_SSA,20469,SANTIAGO JUXTLAHUACA
CVE_MUN_SSA,20470,SANTIAGO LACHIGUIRI
CVE_MUN_SSA,20471,SANTIAGO LALOPA
CVE_MUN_SSA,20472,SANTIAGO LAOLLAGA
CVE_MUN_SSA,20473,SANTIAGO LAXOPA
CVE_MUN_SSA,20474,SANTIAGO LLANO GRANDE
CVE_MUN_SSA,20475,SANTIAGO MATATLÁN
CVE_MUN_SSA,20476,SANTIAGO MILTEPEC
CVE_MUN_SSA,20477,SANTIAGO MINAS
CVE_MUN_SSA,20478,SANTIAGO NACALTEPEC
CVE_MUN_SSA,20479,SANTIAGO NEJAPILLA
CVE_MUN_SSA,20480,SANTIAGO NUNDICHE
CVE_MUN_SSA,20481,SANTIAGO NUYOÓ
CVE_MUN_SSA,20482,SANTIAGO PINOTEPA NACIONAL
CVE_MUN_SSA,20483,SANTIAGO SUCHILQUITONGO
CVE_MUN_SSA,20484,SANTIAGO TAMAZOLA
CVE_MUN_SSA,20485,SANTIAGO TAPEXTLA
CVE_MUN_SSA,20486,VILLA TEJÚPAM DE LA UNIÓN
CVE_MUN_SSA,20487,SANTIAGO TENANGO
CVE_MUN_SSA,20488,SANTIAGO TEPETLAPA
CVE_MUN_SSA,20489,SANTIAGO TETEPEC
CVE_MUN_SSA,20490,SANTIAGO TEXCALCINGO
CVE_MUN_SSA,20491,SANTIAGO TEXTITLÁN
CVE_MUN_SSA,20492,SANTIAGO TILANTONGO
CVE_MUN_SSA,20493,SANTIAGO TILLO
CVE_MUN_SSA,20494,SANTIAGO TLAZOYALTEPEC
CVE_MUN_SSA,20495,SANTIAGO XANICA
CVE_MUN_SSA,20496,SANTIAGO XIACUÍ
CVE_MUN_SSA,20497,SANTIAGO YAITEPEC
CVE_MUN_SSA,20498,SANTIAGO YAVEO
CVE_MUN_SSA,20499,SANTIAGO YOLOMÉCATL
CVE_MUN_SSA,20500,SANTIAGO YOSONDÚA
CVE_MUN_SSA,20501,SANTIAGO YUCUYACHI
CVE_MUN_SSA,20502,SANTIAGO ZACATEPEC
CVE_MUN_SSA,20503,SANTIAGO ZOOCHILA
CVE_MUN_SSA,20504,NUEVO ZOQUIÁPAM
CVE_MUN_SSA,20505,SANTO DOMINGO INGENIO
CVE_MUN_SSA,20506,SANTO DOMINGO ALBARRADAS
CVE_MUN_SSA,20507,SANTO DOMINGO ARMENTA
CVE_MUN_SSA,20508,SANTO DOMINGO CHIHUITÁN
CVE_MUN_SSA,20509,SANTO DOMINGO DE MORELOS
CVE_MUN_SSA,20510,SANTO DOMINGO IXCATLÁN
CVE_MUN_SSA,20511,SANTO DOMINGO NUXAÁ
CVE_MUN_SSA,20512,SANTO DOMINGO OZOLOTEPEC
CVE_MUN_SSA,20513,SANTO DOMINGO PETAPA
CVE_MUN_SSA,20514,SANTO DOMINGO ROAYAGA
CVE_MUN_SSA,20515,SANTO DOMINGO TEHUANTEPEC
CVE_MUN_SSA,20516,SANTO DOMINGO TEOJOMULCO
CVE_MUN_SSA,20517,SANTO DOMINGO TEPUXTEPEC
CVE_MUN_SSA,20518,SANTO DOMINGO TLATAYÁPAM
CVE_MUN_SSA,20519,SANTO DOMINGO TOMALTEPEC
CVE_MUN_SSA,20520,SANTO DOMINGO TONALÁ
CVE_MUN_SSA,20521,SANTO DOMINGO TONALTEPEC
CVE_MUN_SSA,20522,SANTO DOMINGO XAGACÍA
CVE_MUN_SSA,20523,SANTO DOMINGO YANHUITLÁN
CVE_MUN_SSA,20524,SANTO DOMINGO YODOHINO
CVE_MUN_SSA,20525,SANTO DOMINGO ZANATEPEC
CVE_MUN_SSA,20526,SANTOS REYES NOPALA
CVE_MUN_SSA,20527,SANTOS REYES PÁPALO
CVE_MUN_SSA,20528,SANTOS REYES TEPEJILLO
CVE_MUN_SSA,20529,SANTOS REYES YUCUNÁ
CVE_MUN_SSA,20530,SANTO TOMÁS JALIEZA
CVE_MUN_SSA,20531,SANTO TOMÁS MAZALTEPEC
CVE_MUN_SSA,20532,SANTO TOMÁS OCOTEPEC
CVE_MUN_SSA,20533,SANTO TOMÁS TAMAZULAPAN
CVE_MUN_SSA,20534,SAN VICENTE COATLÁN
CVE_MUN_SSA,20535,SAN VICENTE LACHIXÍO
CVE_MUN_SSA,20536,SAN VICENTE NUÑÚ
CVE_MUN_SSA,20537,SILACAYOÁPAM
CVE_MUN_SSA,20538,SITIO DE XITLAPEHUA
CVE_MUN_SSA,20539,SOLEDAD ETLA
CVE_MUN_SSA,20540,VILLA DE TAMAZULÁPAM DEL PROGRESO
CVE_MUN_SSA,20541,TANETZE DE ZARAGOZA
CVE_MUN_SSA,20542,TANICHE
CVE_MUN_SSA,20543,TATALTEPEC DE VALDÉS
CVE_MUN_SSA,20544,TEOCOCUILCO DE MARCOS PÉREZ
CVE_MUN_SSA,20545,TEOTITLÁN DE FLORES MAGÓN
CVE_MUN_SSA,20546,TEOTITLÁN DEL VALLE
CVE_MUN_SSA,20547,TEOTONGO
CVE_MUN_SSA,20548,TEPELMEME VILLA DE MORELOS
CVE_MUN_SSA,20549,"HEROICA VILLA TEZOATLÁN DE SEGURA Y LUNA, CUNA DE LA INDEPENDENCIA DE OAXACA"
CVE_MUN_SSA,20550,SAN JERÓNIMO TLACOCHAHUAYA
CVE_MUN_SSA,20551,TLACOLULA DE MATAMOROS
CVE_MUN_SSA,20552,TLACOTEPEC PLUMAS
CVE_MUN_SSA,20553,TLALIXTAC DE CABRERA
CVE_MUN_SSA,20554,TOTONTEPEC VILLA DE MORELOS
CVE_MUN_SSA,20555,TRINIDAD ZAACHILA
CVE_MUN_SSA,20556,LA TRINIDAD VISTA HERMOSA
CVE_MUN_SSA,20557,UNIÓN HIDALGO
CVE_MUN_SSA,20558,VALERIO TRUJANO
CVE_MUN_SSA,20559,SAN JUAN BAUTISTA VALLE NACIONAL
CVE_MUN_SSA,20560,VILLA DÍAZ ORDAZ
CVE_MUN_SSA,20561,YAXE
CVE_MUN_SSA,20562,MAGDALENA YODOCONO DE PORFIRIO DÍAZ
CVE_MUN_SSA,20563,YOGANA
CVE_MUN_SSA,20564,YUTANDUCHI DE GUERRERO
CVE_MUN_SSA,20565,VILLA DE ZAACHILA
CVE_MUN_SSA,20566,SAN MATEO YUCUTINDOO
CVE_MUN_SSA,20567,ZAPOTITLÁN LAGUNAS
CVE_MUN_SSA,20568,ZAPOTITLÁN PALMAS
CVE_MUN_SSA,20569,SANTA INÉS DE ZARAGOZA
CVE_MUN_SSA,20570,ZIMATLÁN DE ÁLVAREZ
CVE_MUN_SSA,20999,NO ESPECIFICADO
CVE_MUN_SSA,21001,ACAJETE
CVE_MUN_SSA,21002,ACATENO
CVE_MUN_SSA,21003,ACATLÁN
CVE_MUN_SSA,21004,ACATZINGO
CVE_MUN_SSA,21005,ACTEOPAN
CVE_MUN_SSA,21006,AHUACATLÁN
CVE_MUN_SSA,21007,AHUATLÁN
CVE_MUN_SSA,21008,AHUAZOTEPEC
CVE_MUN_SSA,21009,AHUEHUETITLA
CVE_MUN_SSA,21010,AJALPAN
CVE_MUN_SSA,21011,ALBINO ZERTUCHE
CVE_MUN_SSA,21012,ALJOJUCA
CVE_MUN_SSA,21013,ALTEPEXI
CVE_MUN_SSA,21014,AMIXTLÁN
CVE_MUN_SSA,21015,AMOZOC
CVE_MUN_SSA,21016,AQUIXTLA
CVE_MUN_SSA,21017,ATEMPAN
CVE_MUN_SSA,21018,ATEXCAL
CVE_MUN_SSA,21019,ATLIXCO
CVE_MUN_SSA,21020,ATOYATEMPAN
CVE_MUN_SSA,21021,ATZALA
CVE_MUN_SSA,21022,ATZITZIHUACÁN
CVE_MUN_SSA,21023,ATZITZINTLA
CVE_MUN_SSA,21024,AXUTLA
CVE_MUN_SSA,21025,AYOTOXCO DE GUERRERO
CVE_MUN_SSA,21026,CALPAN
CVE_MUN_SSA,21027,CALTEPEC
CVE_MUN_SSA,21028,CAMOCUAUTLA
CVE_MUN_SSA,21029,CAXHUACAN
CVE_MUN_SSA,21030,COATEPEC
CVE_MUN_SSA,21031,COATZINGO
CVE_MUN_SSA,21032,COHETZALA
CVE_MUN_SSA,21033,COHUECAN
CVE_MUN_SSA,21034,CORONANGO
CVE_MUN_SSA,21035,COXCATLÁN
CVE_MUN_SSA,21036,COYOMEAPAN
CVE_MUN_SSA,21037,COYOTEPEC
CVE_MUN_SSA,21038,CUAPIAXTLA DE MADERO
CVE_MUN_SSA,21039,CUAUTEMPAN
CVE_MUN_SSA,21040,CUAUTINCHÁN
CVE_MUN_SSA,21041,CUAUTLANCINGO
CVE_MUN_SSA,21042,CUAYUCA DE ANDRADE
CVE_MUN_SSA,21043,CUETZALAN DEL PROGRESO
CVE_MUN_SSA,21044,CUYOACO
CVE_MUN_SSA,21045,CHALCHICOMULA DE SESMA
CVE_MUN_SSA,21046,CHAPULCO
CVE_MUN_SSA,21047,CHIAUTLA
CVE_MUN_SSA,21048,CHIAUTZINGO
CVE_MUN_SSA,21049,CHICONCUAUTLA
CVE_MUN_SSA,21050,CHICHIQUILA
CVE_MUN_SSA,21051,CHIETLA
CVE_MUN_SSA,21052,CHIGMECATITLÁN
CVE_MUN_SSA,21053,CHIGNAHUAPAN
CVE_MUN_SSA,21054,CHIGNAUTLA
CVE_MUN_SSA,21055,CHILA
CVE_MUN_SSA,21056,CHILA DE LA SAL
CVE_MUN_SSA,21057,HONEY
CVE_MUN_SSA,21058,CHILCHOTLA
CVE_MUN_SSA,21059,CHINANTLA
CVE_MUN_SSA,21060,DOMINGO ARENAS
CVE_MUN_SSA,21061,ELOXOCHITLÁN
CVE_MUN_SSA,21062,EPATLÁN
CVE_MUN_SSA,21063,ESPERANZA
CVE_MUN_SSA,21064,FRANCISCO Z. MENA
CVE_MUN_SSA,21065,GENERAL FELIPE ÁNGELES
CVE_MUN_SSA,21066,GUADALUPE
CVE_MUN_SSA,21067,GUADALUPE VICTORIA
CVE_MUN_SSA,21068,HERMENEGILDO GALEANA
CVE_MUN_SSA,21069,HUAQUECHULA
CVE_MUN_SSA,21070,HUATLATLAUCA
CVE_MUN_SSA,21071,HUAUCHINANGO
CVE_MUN_SSA,21072,HUEHUETLA
CVE_MUN_SSA,21073,HUEHUETLÁN EL CHICO
CVE_MUN_SSA,21074,HUEJOTZINGO
CVE_MUN_SSA,21075,HUEYAPAN
CVE_MUN_SSA,21076,HUEYTAMALCO
CVE_MUN_SSA,21077,HUEYTLALPAN
CVE_MUN_SSA,21078,HUITZILAN DE SERDÁN
CVE_MUN_SSA,21079,HUITZILTEPEC
CVE_MUN_SSA,21080,ATLEQUIZAYAN
CVE_MUN_SSA,21081,IXCAMILPA DE GUERRERO
CVE_MUN_SSA,21082,IXCAQUIXTLA
CVE_MUN_SSA,21083,IXTACAMAXTITLÁN
CVE_MUN_SSA,21084,IXTEPEC
CVE_MUN_SSA,21085,IZÚCAR DE MATAMOROS
CVE_MUN_SSA,21086,JALPAN
CVE_MUN_SSA,21087,JOLALPAN
CVE_MUN_SSA,21088,JONOTLA
CVE_MUN_SSA,21089,JOPALA
CVE_MUN_SSA,21090,JUAN C. BONILLA
CVE_MUN_SSA,21091,JUAN GALINDO
CVE_MUN_SSA,21092,JUAN N. MÉNDEZ
CVE_MUN_SSA,21093,LAFRAGUA
CVE_MUN_SSA,21094,LIBRES
CVE_MUN_SSA,21095,LA MAGDALENA TLATLAUQUITEPEC
CVE_MUN_SSA,21096,MAZAPILTEPEC DE JUÁREZ
CVE_MUN_SSA,21097,MIXTLA
CVE_MUN_SSA,21098,MOLCAXAC
CVE_MUN_SSA,21099,CAÑADA MORELOS
CVE_MUN_SSA,21100,NAUPAN
CVE_MUN_SSA,21101,NAUZONTLA
CVE_MUN_SSA,21102,NEALTICAN
CVE_MUN_SSA,21103,NICOLÁS BRAVO
CVE_MUN_SSA,21104,NOPALUCAN
CVE_MUN_SSA,21105,OCOTEPEC
CVE_MUN_SSA,21106,OCOYUCAN
CVE_MUN_SSA,21107,OLINTLA
CVE_MUN_SSA,21108,ORIENTAL
CVE_MUN_SSA,21109,PAHUATLÁN
CVE_MUN_SSA,21110,PALMAR DE BRAVO
CVE_MUN_SSA,21111,PANTEPEC
CVE_MUN_SSA,21112,PETLALCINGO
CVE_MUN_SSA,21113,PIAXTLA
CVE_MUN_SSA,21114,PUEBLA
CVE_MUN_SSA,21115,QUECHOLAC
CVE_MUN_SSA,21116,QUIMIXTLÁN
CVE_MUN_SSA,21117,RAFAEL LARA GRAJALES
CVE_MUN_SSA,21118,LOS REYES DE JUÁREZ
CVE_MUN_SSA,21119,SAN ANDRÉS CHOLULA
CVE_MUN_SSA,21120,SAN ANTONIO CAÑADA
CVE_MUN_SSA,21121,SAN DIEGO LA MESA TOCHIMILTZINGO
CVE_MUN_SSA,21122,SAN FELIPE TEOTLALCINGO
CVE_MUN_SSA,21123,SAN FELIPE TEPATLÁN
CVE_MUN_SSA,21124,SAN GABRIEL CHILAC
CVE_MUN_SSA,21125,SAN GREGORIO ATZOMPA
CVE_MUN_SSA,21126,SAN JERÓNIMO TECUANIPAN
CVE_MUN_SSA,21127,SAN JERÓNIMO XAYACATLÁN
CVE_MUN_SSA,21128,SAN JOSÉ CHIAPA
CVE_MUN_SSA,21129,SAN JOSÉ MIAHUATLÁN
CVE_MUN_SSA,21130,SAN JUAN ATENCO
CVE_MUN_SSA,21131,SAN JUAN ATZOMPA
CVE_MUN_SSA,21132,SAN MARTÍN TEXMELUCAN
CVE_MUN_SSA,21133,SAN MARTÍN TOTOLTEPEC
CVE_MUN_SSA,21134,SAN MATÍAS TLALANCALECA
CVE_MUN_SSA,21135,SAN MIGUEL IXITLÁN
CVE_MUN_SSA,21136,SAN MIGUEL XOXTLA
CVE_MUN_SSA,21137,SAN NICOLÁS BUENOS AIRES
CVE_MUN_SSA,21138,SAN NICOLÁS DE LOS RANCHOS
CVE_MUN_SSA,21139,SAN PABLO ANICANO
CVE_MUN_SSA,21140,SAN PEDRO CHOLULA
CVE_MUN_SSA,21141,SAN PEDRO YELOIXTLAHUACA
CVE_MUN_SSA,21142,SAN SALVADOR EL SECO
CVE_MUN_SSA,21143,SAN SALVADOR EL VERDE
CVE_MUN_SSA,21144,SAN SALVADOR HUIXCOLOTLA
CVE_MUN_SSA,21145,SAN SEBASTIÁN TLACOTEPEC
CVE_MUN_SSA,21146,SANTA CATARINA TLALTEMPAN
CVE_MUN_SSA,21147,SANTA INÉS AHUATEMPAN
CVE_MUN_SSA,21148,SANTA ISABEL CHOLULA
CVE_MUN_SSA,21149,SANTIAGO MIAHUATLÁN
CVE_MUN_SSA,21150,HUEHUETLÁN EL GRANDE
CVE_MUN_SSA,21151,SANTO TOMÁS HUEYOTLIPAN
CVE_MUN_SSA,21152,SOLTEPEC
CVE_MUN_SSA,21153,TECALI DE HERRERA
CVE_MUN_SSA,21154,TECAMACHALCO
CVE_MUN_SSA,21155,TECOMATLÁN
CVE_MUN_SSA,21156,TEHUACÁN
CVE_MUN_SSA,21157,TEHUITZINGO
CVE_MUN_SSA,21158,TENAMPULCO
CVE_MUN_SSA,21159,TEOPANTLÁN
CVE_MUN_SSA,21160,TEOTLALCO
CVE_MUN_SSA,21161,TEPANCO DE LÓPEZ
CVE_MUN_SSA,21162,TEPANGO DE RODRÍGUEZ
CVE_MUN_SSA,21163,TEPATLAXCO DE HIDALGO
CVE_MUN_SSA,21164,TEPEACA
CVE_MUN_SSA,21165,TEPEMAXALCO
CVE_MUN_SSA,21166,TEPEOJUMA
CVE_MUN_SSA,21167,TEPETZINTLA
CVE_MUN_SSA,21168,TEPEXCO
CVE_MUN_SSA,21169,TEPEXI DE RODRÍGUEZ
CVE_MUN_SSA,21170,TEPEYAHUALCO
CVE_MUN_SSA,21171,TEPEYAHUALCO DE CUAUHTÉMOC
CVE_MUN_SSA,21172,TETELA DE OCAMPO
CVE_MUN_SSA,21173,TETELES DE AVILA CASTILLO
CVE_MUN_SSA,21174,TEZIUTLÁN
CVE_MUN_SSA,21175,TIANGUISMANALCO
CVE_MUN_SSA,21176,TILAPA
CVE_MUN_SSA,21177,TLACOTEPEC DE BENITO JUÁREZ
CVE_MUN_SSA,21178,TLACUILOTEPEC
CVE_MUN_SSA,21179,TLACHICHUCA
CVE_MUN_SSA,21180,TLAHUAPAN
CVE_MUN_SSA,21181,TLALTENANGO
CVE_MUN_SSA,21182,TLANEPANTLA
CVE_MUN_SSA,21183,TLAOLA
CVE_MUN_SSA,21184,TLAPACOYA
CVE_MUN_SSA,21185,TLAPANALÁ
CVE_MUN_SSA,21186,TLATLAUQUITEPEC
CVE_MUN_SSA,21187,TLAXCO
CVE_MUN_SSA,21188,TOCHIMILCO
CVE_MUN_SSA,21189,TOCHTEPEC
CVE_MUN_SSA,21190,TOTOLTEPEC DE GUERRERO
CVE_MUN_SSA,21191,TULCINGO
CVE_MUN_SSA,21192,TUZAMAPAN DE GALEANA
CVE_MUN_SSA,21193,TZICATLACOYAN
CVE_MUN_SSA,21194,VENUSTIANO CARRANZA
CVE_MUN_SSA,21195,VICENTE GUERRERO
CVE_MUN_SSA,21196,XAYACATLÁN DE BRAVO
CVE_MUN_SSA,21197,XICOTEPEC
CVE_MUN_SSA,21198,XICOTLÁN
CVE_MUN_SSA,21199,XIUTETELCO
CVE_MUN_SSA,21200,XOCHIAPULCO
CVE_MUN_SSA,21201,XOCHILTEPEC
CVE_MUN_SSA,21202,XOCHITLÁN DE VICENTE SUÁREZ
CVE_MUN_SSA,21203,XOCHITLÁN TODOS SANTOS
CVE_MUN_SSA,21204,YAONÁHUAC
CVE_MUN_SSA,21205,YEHUALTEPEC
CVE_MUN_SSA,21206,ZACAPALA
CVE_MUN_SSA,21207,ZACAPOAXTLA
CVE_MUN_SSA,21208,ZACATLÁN
CVE_MUN_SSA,21209,ZAPOTITLÁN
CVE_MUN_SSA,21210,ZAPOTITLÁN DE MÉNDEZ
CVE_MUN_SSA,21211,ZARAGOZA
CVE_MUN_SSA,21212,ZAUTLA
CVE_MUN_SSA,21213,ZIHUATEUTLA
CVE_MUN_SSA,21214,ZINACATEPEC
CVE_MUN_SSA,21215,ZONGOZOTLA
CVE_MUN_SSA,21216,ZOQUIAPAN
CVE_MUN_SSA,21217,ZOQUITLÁN
CVE_MUN_SSA,21999,NO ESPECIFICADO
CVE_MUN_SSA,22001,AMEALCO DE BONFIL
CVE_MUN_SSA,22002,PINAL DE AMOLES
CVE_MUN_SSA,22003,ARROYO SECO
CVE_MUN_SSA,22004,CADEREYTA DE MONTES
CVE_MUN_SSA,22005,COLÓN
CVE_MUN_SSA,22006,CORREGIDORA
CVE_MUN_SSA,22007,EZEQUIEL MONTES
CVE_MUN_SSA,22008,HUIMILPAN
CVE_MUN_SSA,22009,JALPAN DE SERRA
CVE_MUN_SSA,22010,LANDA DE MATAMOROS
CVE_MUN_SSA,22011,EL MARQUÉS
CVE_MUN_SSA,22012,PEDRO ESCOBEDO
CVE_MUN_SSA,22013,PEÑAMILLER
CVE_MUN_SSA,22014,QUERÉTARO
CVE_MUN_SSA,22015,SAN JOAQUÍN
CVE_MUN_SSA,22016,SAN JUAN DEL RÍO
CVE_MUN_SSA,22017,TEQUISQUIAPAN
CVE_MUN_SSA,22018,TOLIMÁN
CVE_MUN_SSA,22999,NO ESPECIFICADO
CVE_MUN_SSA,23001,COZUMEL
CVE_MUN_SSA,23002,FELIPE CARRILLO PUERTO
CVE_MUN_SSA,23003,ISLA MUJERES
CVE_MUN_SSA,23004,OTHÓN P. BLANCO
CVE_MUN_SSA,23005,BENITO JUÁREZ
CVE_MUN_SSA,23006,JOSÉ MARÍA MORELOS
CVE_MUN_SSA,23007,LÁZARO CÁRDENAS
CVE_MUN_SSA,23008,SOLIDARIDAD
CVE_MUN_SSA,23009,TULUM
CVE_MUN_SSA,23010,BACALAR
CVE_MUN_SSA,23011,PUERTO MORELOS
CVE_MUN_SSA,23999,NO ESPECIFICADO
CVE_MUN_SSA,24001,AHUALULCO
CVE_MUN_SSA,24002,ALAQUINES
CVE_MUN_SSA,24003,AQUISMÓN
CVE_MUN_SSA,24004,ARMADILLO DE LOS INFANTE
CVE_MUN_SSA,24005,CÁRDENAS
CVE_MUN_SSA,24006,CATORCE
CVE_MUN_SSA,24007,CEDRAL
CVE_MUN_SSA,24008,CERRITOS
CVE_MUN_SSA,24009,CERRO DE SAN PEDRO
CVE_MUN_SSA,24010,CIUDAD DEL MAÍZ
CVE_MUN_SSA,24011,CIUDAD FERNÁNDEZ
CVE_MUN_SSA,24012,TANCANHUITZ
CVE_MUN_SSA,24013,CIUDAD VALLES
CVE_MUN_SSA,24014,COXCATLÁN
CVE_MUN_SSA,24015,CHARCAS
CVE_MUN_SSA,24016,EBANO
CVE_MUN_SSA,24017,GUADALCÁZAR
CVE_MUN_SSA,24018,HUEHUETLÁN
CVE_MUN_SSA,24019,LAGUNILLAS
CVE_MUN_SSA,24020,MATEHUALA
CVE_MUN_SSA,24021,MEXQUITIC DE CARMONA
CVE_MUN_SSA,24022,MOCTEZUMA
CVE_MUN_SSA,24023,RAYÓN
CVE_MUN_SSA,24024,RIOVERDE
CVE_MUN_SSA,24025,SALINAS
CVE_MUN_SSA,24026,SAN ANTONIO
CVE_MUN_SSA,24027,SAN CIRO DE ACOSTA
CVE_MUN_SSA,24028,SAN LUIS POTOSÍ
CVE_MUN_SSA,24029,SAN MARTÍN CHALCHICUAUTLA
CVE_MUN_SSA,24030,SAN NICOLÁS TOLENTINO
CVE_MUN_SSA,24031,SANTA CATARINA
CVE_MUN_SSA,24032,SANTA MARÍA DEL RÍO
CVE_MUN_SSA,24033,SANTO DOMINGO
CVE_MUN_SSA,24034,SAN VICENTE TANCUAYALAB
CVE_MUN_SSA,24035,SOLEDAD DE GRACIANO SÁNCHEZ
CVE_MUN_SSA,24036,TAMASOPO
CVE_MUN_SSA,24037,TAMAZUNCHALE
CVE_MUN_SSA,24038,TAMPACÁN
CVE_MUN_SSA,24039,TAMPAMOLÓN CORONA
CVE_MUN_SSA,24040,TAMUÍN
CVE_MUN_SSA,24041,TANLAJÁS
CVE_MUN_SSA,24042,TANQUIÁN DE ESCOBEDO
CVE_MUN_SSA,24043,TIERRA NUEVA
CVE_MUN_SSA,24044,VANEGAS
CVE_MUN_SSA,24045,VENADO
CVE_MUN_SSA,24046,VILLA DE ARRIAGA
CVE_MUN_SSA,24047,VILLA DE GUADALUPE
CVE_MUN_SSA,24048,VILLA DE LA PAZ
CVE_MUN_SSA,24049,VILLA DE RAMOS
CVE_MUN_SSA,24050,VILLA DE REYES
CVE_MUN_SSA,24051,VILLA HIDALGO
CVE_MUN_SSA,24052,VILLA JUÁREZ
CVE_MUN_SSA,24053,AXTLA DE TERRAZAS
CVE_MUN_SSA,24054,XILITLA
CVE_MUN_SSA,24055,ZARAGOZA
CVE_MUN_SSA,24056,VILLA DE ARISTA
CVE_MUN_SSA,24057,MATLAPA
CVE_MUN_SSA,24058,EL NARANJO
CVE_MUN_SSA,24999,NO ESPECIFICADO
CVE_MUN_SSA,25001,AHOME
CVE_MUN_SSA,25002,ANGOSTURA
CVE_MUN_SSA,25003,BADIRAGUATO
CVE_MUN_SSA,25004,CONCORDIA
CVE_MUN_SSA,25005,COSALÁ
CVE_MUN_SSA,25006,CULIACÁN
CVE_MUN_SSA,25007,CHOIX
CVE_MUN_SSA,25008,ELOTA
CVE_MUN_SSA,25009,ESCUINAPA
CVE_MUN_SSA,25010,EL FUERTE
CVE_MUN_SSA,25011,GUASAVE
CVE_MUN_SSA,25012,MAZATLÁN
CVE_MUN_SSA,25013,MOCORITO
CVE_MUN_SSA,25014,ROSARIO
CVE_MUN_SSA,25015,SALVADOR ALVARADO
CVE_MUN_SSA,25016,SAN IGNACIO
CVE_MUN_SSA,25017,SINALOA
CVE_MUN_SSA,25018,NAVOLATO
CVE_MUN_SSA,25999,NO ESPECIFICADO
CVE_MUN_SSA,26001,ACONCHI
CVE_MUN_SSA,26002,AGUA PRIETA
CVE_MUN_SSA,26003,ALAMOS
CVE_MUN_SSA,26004,ALTAR
CVE_MUN_SSA,26005,ARIVECHI
CVE_MUN_SSA,26006,ARIZPE
CVE_MUN_SSA,26007,ATIL
CVE_MUN_SSA,26008,BACADÉHUACHI
CVE_MUN_SSA,26009,BACANORA
CVE_MUN_SSA,26010,BACERAC
CVE_MUN_SSA,26011,BACOACHI
CVE_MUN_SSA,26012,BÁCUM
CVE_MUN_SSA,26013,BANÁMICHI
CVE_MUN_SSA,26014,BAVIÁCORA
CVE_MUN_SSA,26015,BAVISPE
CVE_MUN_SSA,26016,BENJAMÍN HILL
CVE_MUN_SSA,26017,CABORCA
CVE_MUN_SSA,26018,CAJEME
CVE_MUN_SSA,26019,CANANEA
CVE_MUN_SSA,26020,CARBÓ
CVE_MUN_SSA,26021,LA COLORADA
CVE_MUN_SSA,26022,CUCURPE
CVE_MUN_SSA,26023,CUMPAS
CVE_MUN_SSA,26024,DIVISADEROS
CVE_MUN_SSA,26025,EMPALME
CVE_MUN_SSA,26026,ETCHOJOA
CVE_MUN_SSA,26027,FRONTERAS
CVE_MUN_SSA,26028,GRANADOS
CVE_MUN_SSA,26029,GUAYMAS
CVE_MUN_SSA,26030,HERMOSILLO
CVE_MUN_SSA,26031,HUACHINERA
CVE_MUN_SSA,26032,HUÁSABAS
CVE_MUN_SSA,26033,HUATABAMPO
CVE_MUN_SSA,26034,HUÉPAC
CVE_MUN_SSA,26035,IMURIS
CVE_MUN_SSA,26036,MAGDALENA
CVE_MUN_SSA,26037,MAZATÁN
CVE_MUN_SSA,26038,MOCTEZUMA
CVE_MUN_SSA,26039,NACO
CVE_MUN_SSA,26040,NÁCORI CHICO
CVE_MUN_SSA,26041,NACOZARI DE GARCÍA
CVE_MUN_SSA,26042,NAVOJOA
CVE_MUN_SSA,26043,NOGALES
CVE_MUN_SSA,26044,ONAVAS
CVE_MUN_SSA,26045,OPODEPE
CVE_MUN_SSA,26046,OQUITOA
CVE_MUN_SSA,26047,PITIQUITO
CVE_MUN_SSA,26048,PUERTO PEÑASCO
CVE_MUN_SSA,26049,QUIRIEGO
CVE_MUN_SSA,26050,RAYÓN
CVE_MUN_SSA,26051,ROSARIO
CVE_MUN_SSA,26052,SAHUARIPA
CVE_MUN_SSA,26053,SAN FELIPE DE JESÚS
CVE_MUN_SSA,26054,SAN JAVIER
CVE_MUN_SSA,26055,SAN LUIS RÍO COLORADO
CVE_MUN_SSA,26056,SAN MIGUEL DE HORCASITAS
CVE_MUN_SSA,26057,SAN PEDRO DE LA CUEVA
CVE_MUN_SSA,26058,SANTA ANA
CVE_MUN_SSA,26059,SANTA CRUZ
CVE_MUN_SSA,26060,SÁRIC
CVE_MUN_SSA,26061,SOYOPA
CVE_MUN_SSA,26062,SUAQUI GRANDE
CVE_MUN_SSA,26063,TEPACHE
CVE_MUN_SSA,26064,TRINCHERAS
CVE_MUN_SSA,26065,TUBUTAMA
CVE_MUN_SSA,26066,URES
CVE_MUN_SSA,26067,VILLA HIDALGO
CVE_MUN_SSA,26068,VILLA PESQUEIRA
CVE_MUN_SSA,26069,YÉCORA
CVE_MUN_SSA,26070,GENERAL PLUTARCO ELÍAS CALLES
CVE_MUN_SSA,26071,BENITO JUÁREZ
CVE_MUN_SSA,26072,SAN IGNACIO RÍO MUERTO
CVE_MUN_SSA,26999,NO ESPECIFICADO
CVE_MUN_SSA,27001,BALANCÁN
CVE_MUN_SSA,27002,CÁRDENAS
CVE_MUN_SSA,27003,CENTLA
CVE_MUN_SSA,27004,CENTRO
CVE_MUN_SSA,27005,COMALCALCO
CVE_MUN_SSA,27006,CUNDUACÁN
CVE_MUN_SSA,27007,EMILIANO ZAPATA
CVE_MUN_SSA,27008,HUIMANGUILLO
CVE_MUN_SSA,27009,JALAPA
CVE_MUN_SSA,27010,JALPA DE MÉNDEZ
CVE_MUN_SSA,27011,JONUTA
CVE_MUN_SSA,27012,MACUSPANA
CVE_MUN_SSA,27013,NACAJUCA
CVE_MUN_SSA,27014,PARAÍSO
CVE_MUN_SSA,27015,TACOTALPA
CVE_MUN_SSA,27016,TEAPA
CVE_MUN_SSA,27017,TENOSIQUE
CVE_MUN_SSA,27999,NO ESPECIFICADO
CVE_MUN_SSA,28001,ABASOLO
CVE_MUN_SSA,28002,ALDAMA
CVE_MUN_SSA,28003,ALTAMIRA
CVE_MUN_SSA,28004,ANTIGUO MORELOS
CVE_MUN_SSA,28005,BURGOS
CVE_MUN_SSA,28006,BUSTAMANTE
CVE_MUN_SSA,28007,CAMARGO
CVE_MUN_SSA,28008,CASAS
CVE_MUN_SSA,28009,CIUDAD MADERO
CVE_MUN_SSA,28010,CRUILLAS
CVE_MUN_SSA,28011,GÓMEZ FARÍAS
CVE_MUN_SSA,28012,GONZÁLEZ
CVE_MUN_SSA,28013,GÜÉMEZ
CVE_MUN_SSA,28014,GUERRERO
CVE_MUN_SSA,28015,GUSTAVO DÍAZ ORDAZ
CVE_MUN_SSA,28016,HIDALGO
CVE_MUN_SSA,28017,JAUMAVE
CVE_MUN_SSA,28018,JIMÉNEZ
CVE_MUN_SSA,28019,LLERA
CVE_MUN_SSA,28020,MAINERO
CVE_MUN_SSA,28021,EL MANTE
CVE_MUN_SSA,28022,MATAMOROS
CVE_MUN_SSA,28023,MÉNDEZ
CVE_MUN_SSA,28024,MIER
CVE_MUN_SSA,28025,MIGUEL ALEMÁN
CVE_MUN_SSA,28026,MIQUIHUANA
CVE_MUN_SSA,28027,NUEVO LAREDO
CVE_MUN_SSA,28028,NUEVO MORELOS
CVE_MUN_SSA,28029,OCAMPO
CVE_MUN_SSA,28030,PADILLA
CVE_MUN_SSA,28031,PALMILLAS
CVE_MUN_SSA,28032,REYNOSA
CVE_MUN_SSA,28033,RÍO BRAVO
CVE_MUN_SSA,28034,SAN CARLOS
CVE_MUN_SSA,28035,SAN FERNANDO
CVE_MUN_SSA,28036,SAN NICOLÁS
CVE_MUN_SSA,28037,SOTO LA MARINA
CVE_MUN_SSA,28038,TAMPICO
CVE_MUN_SSA,28039,TULA
CVE_MUN_SSA,28040,VALLE HERMOSO
CVE_MUN_SSA,28041,VICTORIA
CVE_MUN_SSA,28042,VILLAGRÁN
CVE_MUN_SSA,28043,XICOTÉNCATL
CVE_MUN_SSA,28999,NO ESPECIFICADO
CVE_MUN_SSA,29001,AMAXAC DE GUERRERO
CVE_MUN_SSA,29002,APETATITLÁN DE ANTONIO CARVAJAL
CVE_MUN_SSA,29003,ATLANGATEPEC
CVE_MUN_SSA,29004,ATLTZAYANCA
CVE_MUN_SSA,29005,APIZACO
CVE_MUN_SSA,29006,CALPULALPAN
CVE_MUN_SSA,29007,EL CARMEN TEQUEXQUITLA
CVE_MUN_SSA,29008,CUAPIAXTLA
CVE_MUN_SSA,29009,CUAXOMULCO
CVE_MUN_SSA,29010,CHIAUTEMPAN
CVE_MUN_SSA,29011,MUÑOZ DE DOMINGO ARENAS
CVE_MUN_SSA,29012,ESPAÑITA
CVE_MUN_SSA,29013,HUAMANTLA
CVE_MUN_SSA,29014,HUEYOTLIPAN
CVE_MUN_SSA,29015,IXTACUIXTLA DE MARIANO MATAMOROS
CVE_MUN_SSA,29016,IXTENCO
CVE_MUN_SSA,29017,MAZATECOCHCO DE JOSÉ MARÍA MORELOS
CVE_MUN_SSA,29018,CONTLA DE JUAN CUAMATZI
CVE_MUN_SSA,29019,TEPETITLA DE LARDIZÁBAL
CVE_MUN_SSA,29020,SANCTÓRUM DE LÁZARO CÁRDENAS
CVE_MUN_SSA,29021,NANACAMILPA DE MARIANO ARISTA
CVE_MUN_SSA,29022,ACUAMANALA DE MIGUEL HIDALGO
CVE_MUN_SSA,29023,NATÍVITAS
CVE_MUN_SSA,29024,PANOTLA
CVE_MUN_SSA,29025,SAN PABLO DEL MONTE
CVE_MUN_SSA,29026,SANTA CRUZ TLAXCALA
CVE_MUN_SSA,29027,TENANCINGO
CVE_MUN_SSA,29028,TEOLOCHOLCO
CVE_MUN_SSA,29029,TEPEYANCO
CVE_MUN_SSA,29030,TERRENATE
CVE_MUN_SSA,29031,TETLA DE LA SOLIDARIDAD
CVE_MUN_SSA,29032,TETLATLAHUCA
CVE_MUN_SSA,29033,TLAXCALA
CVE_MUN_SSA,29034,TLAXCO
CVE_MUN_SSA,29035,TOCATLÁN
CVE_MUN_SSA,29036,TOTOLAC
CVE_MUN_SSA,29037,ZILTLALTÉPEC DE TRINIDAD SÁNCHEZ SANTOS
CVE_MUN_SSA,29038,TZOMPANTEPEC
CVE_MUN_SSA,29039,XALOZTOC
CVE_MUN_SSA,29040,XALTOCAN
CVE_MUN_SSA,29041,PAPALOTLA DE XICOHTÉNCATL
CVE_MUN_SSA,29042,XICOHTZINCO
CVE_MUN_SSA,29043,YAUHQUEMEHCAN
CVE_MUN_SSA,29044,ZACATELCO
CVE_MUN_SSA,29045,BENITO JUÁREZ
CVE_MUN_SSA,29046,EMILIANO ZAPATA
CVE_MUN_SSA,29047,LÁZARO CÁRDENAS
CVE_MUN_SSA,29048,LA MAGDALENA TLALTELULCO
CVE_MUN_SSA,29049,SAN DAMIÁN TEXÓLOC
CVE_MUN_SSA,29050,SAN FRANCISCO TETLANOHCAN
CVE_MUN_SSA,29051,SAN JERÓNIMO ZACUALPAN
CVE_MUN_SSA,29052,SAN JOSÉ TEACALCO
CVE_MUN_SSA,29053,SAN JUAN HUACTZINCO
CVE_MUN_SSA,29054,SAN LORENZO AXOCOMANITLA
CVE_MUN_SSA,29055,SAN LUCAS TECOPILCO
CVE_MUN_SSA,29056,SANTA ANA NOPALUCAN
CVE_MUN_SSA,29057,SANTA APOLONIA TEACALCO
CVE_MUN_SSA,29058,SANTA CATARINA AYOMETLA
CVE_MUN_SSA,29059,SANTA CRUZ QUILEHTLA
CVE_MUN_SSA,29060,SANTA ISABEL XILOXOXTLA
CVE_MUN_SSA,29999,NO ESPECIFICADO
CVE_MUN_SSA,30001,ACAJETE
CVE_MUN_SSA,30002,ACATLÁN
CVE_MUN_SSA,30003,ACAYUCAN
CVE_MUN_SSA,30004,ACTOPAN
CVE_MUN_SSA,30005,ACULA
CVE_MUN_SSA,30006,ACULTZINGO
CVE_MUN_SSA,30007,CAMARÓN DE TEJEDA
CVE_MUN_SSA,30008,ALPATLÁHUAC
CVE_MUN_SSA,30009,ALTO LUCERO DE GUTIÉRREZ BARRIOS
CVE_MUN_SSA,30010,ALTOTONGA
CVE_MUN_SSA,30011,ALVARADO
CVE_MUN_SSA,30012,AMATITLÁN
CVE_MUN_SSA,30013,NARANJOS AMATLÁN
CVE_MUN_SSA,30014,AMATLÁN DE LOS REYES
CVE_MUN_SSA,30015,ANGEL R. CABADA
CVE_MUN_SSA,30016,LA ANTIGUA
CVE_MUN_SSA,30017,APAZAPAN
CVE_MUN_SSA,30018,AQUILA
CVE_MUN_SSA,30019,ASTACINGA
CVE_MUN_SSA,30020,ATLAHUILCO
CVE_MUN_SSA,30021,ATOYAC
CVE_MUN_SSA,30022,ATZACAN
CVE_MUN_SSA,30023,ATZALAN
CVE_MUN_SSA,30024,TLALTETELA
CVE_MUN_SSA,30025,AYAHUALULCO
CVE_MUN_SSA,30026,BANDERILLA
CVE_MUN_SSA,30027,BENITO JUÁREZ
CVE_MUN_SSA,30028,BOCA DEL RÍO
CVE_MUN_SSA,30029,CALCAHUALCO
CVE_MUN_SSA,30030,CAMERINO Z. MENDOZA
CVE_MUN_SSA,30031,CARRILLO PUERTO
CVE_MUN_SSA,30032,CATEMACO
CVE_MUN_SSA,30033,CAZONES DE HERRERA
CVE_MUN_SSA,30034,CERRO AZUL
CVE_MUN_SSA,30035,CITLALTÉPETL
CVE_MUN_SSA,30036,COACOATZINTLA
CVE_MUN_SSA,30037,COAHUITLÁN
CVE_MUN_SSA,30038,COATEPEC
CVE_MUN_SSA,30039,COATZACOALCOS
CVE_MUN_SSA,30040,COATZINTLA
CVE_MUN_SSA,30041,COETZALA
CVE_MUN_SSA,30042,COLIPA
CVE_MUN_SSA,30043,COMAPA
CVE_MUN_SSA,30044,CÓRDOBA
CVE_MUN_SSA,30045,COSAMALOAPAN DE CARPIO
CVE_MUN_SSA,30046,COSAUTLÁN DE CARVAJAL
CVE_MUN_SSA,30047,COSCOMATEPEC
CVE_MUN_SSA,30048,COSOLEACAQUE
CVE_MUN_SSA,30049,COTAXTLA
CVE_MUN_SSA,30050,COXQUIHUI
CVE_MUN_SSA,30051,COYUTLA
CVE_MUN_SSA,30052,CUICHAPA
CVE_MUN_SSA,30053,CUITLÁHUAC
CVE_MUN_SSA,30054,CHACALTIANGUIS
CVE_MUN_SSA,30055,CHALMA
CVE_MUN_SSA,30056,CHICONAMEL
CVE_MUN_SSA,30057,CHICONQUIACO
CVE_MUN_SSA,30058,CHICONTEPEC
CVE_MUN_SSA,30059,CHINAMECA
CVE_MUN_SSA,30060,CHINAMPA DE GOROSTIZA
CVE_MUN_SSA,30061,LAS CHOAPAS
CVE_MUN_SSA,30062,CHOCAMÁN
CVE_MUN_SSA,30063,CHONTLA
CVE_MUN_SSA,30064,CHUMATLÁN
CVE_MUN_SSA,30065,EMILIANO ZAPATA
CVE_MUN_SSA,30066,ESPINAL
CVE_MUN_SSA,30067,FILOMENO MATA
CVE_MUN_SSA,30068,FORTÍN
CVE_MUN_SSA,30069,GUTIÉRREZ ZAMORA
CVE_MUN_SSA,30070,HIDALGOTITLÁN
CVE_MUN_SSA,30071,HUATUSCO
CVE_MUN_SSA,30072,HUAYACOCOTLA
CVE_MUN_SSA,30073,HUEYAPAN DE OCAMPO
CVE_MUN_SSA,30074,HUILOAPAN DE CUAUHTÉMOC
CVE_MUN_SSA,30075,IGNACIO DE LA LLAVE
CVE_MUN_SSA,30076,ILAMATLÁN
CVE_MUN_SSA,30077,ISLA
CVE_MUN_SSA,30078,IXCATEPEC
CVE_MUN_SSA,30079,IXHUACÁN DE LOS REYES
CVE_MUN_SSA,30080,IXHUATLÁN DEL CAFÉ
CVE_MUN_SSA,30081,IXHUATLANCILLO
CVE_MUN_SSA,30082,IXHUATLÁN DEL SURESTE
CVE_MUN_SSA,30083,IXHUATLÁN DE MADERO
CVE_MUN_SSA,30084,IXMATLAHUACAN
CVE_MUN_SSA,30085,IXTACZOQUITLÁN
CVE_MUN_SSA,30086,JALACINGO
CVE_MUN_SSA,30087,XALAPA
CVE_MUN_SSA,30088,JALCOMULCO
CVE_MUN_SSA,30089,JÁLTIPAN
CVE_MUN_SSA,30090,JAMAPA
CVE_MUN_SSA,30091,JESÚS CARRANZA
CVE_MUN_SSA,30092,XICO
CVE_MUN_SSA,30093,JILOTEPEC
CVE_MUN_SSA,30094,JUAN RODRÍGUEZ CLARA
CVE_MUN_SSA,30095,JUCHIQUE DE FERRER
CVE_MUN_SSA,30096,LANDERO Y COSS
CVE_MUN_SSA,30097,LERDO DE TEJADA
CVE_MUN_SSA,30098,MAGDALENA
CVE_MUN_SSA,30099,MALTRATA
CVE_MUN_SSA,30100,MANLIO FABIO ALTAMIRANO
CVE_MUN_SSA,30101,MARIANO ESCOBEDO
CVE_MUN_SSA,30102,MARTÍNEZ DE LA TORRE
CVE_MUN_SSA,30103,MECATLÁN
CVE_MUN_SSA,30104,MECAYAPAN
CVE_MUN_SSA,30105,MEDELLÍN DE BRAVO
CVE_MUN_SSA,30106,MIAHUATLÁN
CVE_MUN_SSA,30107,LAS MINAS
CVE_MUN_SSA,30108,MINATITLÁN
CVE_MUN_SSA,30109,MISANTLA
CVE_MUN_SSA,30110,MIXTLA DE ALTAMIRANO
CVE_MUN_SSA,30111,MOLOACÁN
CVE_MUN_SSA,30112,NAOLINCO
CVE_MUN_SSA,30113,NARANJAL
CVE_MUN_SSA,30114,NAUTLA
CVE_MUN_SSA,30115,NOGALES
CVE_MUN_SSA,30116,OLUTA
CVE_MUN_SSA,30117,OMEALCA
CVE_MUN_SSA,30118,ORIZABA
CVE_MUN_SSA,30119,OTATITLÁN
CVE_MUN_SSA,30120,OTEAPAN
CVE_MUN_SSA,30121,OZULUAMA DE MASCAREÑAS
CVE_MUN_SSA,30122,PAJAPAN
CVE_MUN_SSA,30123,PÁNUCO
CVE_MUN_SSA,30124,PAPANTLA
CVE_MUN_SSA,30125,PASO DEL MACHO
CVE_MUN_SSA,30126,PASO DE OVEJAS
CVE_MUN_SSA,30127,LA PERLA
CVE_MUN_SSA,30128,PEROTE
CVE_MUN_SSA,30129,PLATÓN SÁNCHEZ
CVE_MUN_SSA,30130,PLAYA VICENTE
CVE_MUN_SSA,30131,POZA RICA DE HIDALGO
CVE_MUN_SSA,30132,LAS VIGAS DE RAMÍREZ
CVE_MUN_SSA,30133,PUEBLO VIEJO
CVE_MUN_SSA,30134,PUENTE NACIONAL
CVE_MUN_SSA,30135,RAFAEL DELGADO
CVE_MUN_SSA,30136,RAFAEL LUCIO
CVE_MUN_SSA,30137,LOS REYES
CVE_MUN_SSA,30138,RÍO BLANCO
CVE_MUN_SSA,30139,SALTABARRANCA
CVE_MUN_SSA,30140,SAN ANDRÉS TENEJAPAN
CVE_MUN_SSA,30141,SAN ANDRÉS TUXTLA
CVE_MUN_SSA,30142,SAN JUAN EVANGELISTA
CVE_MUN_SSA,30143,SANTIAGO TUXTLA
CVE_MUN_SSA,30144,SAYULA DE ALEMÁN
CVE_MUN_SSA,30145,SOCONUSCO
CVE_MUN_SSA,30146,SOCHIAPA
CVE_MUN_SSA,30147,SOLEDAD ATZOMPA
CVE_MUN_SSA,30148,SOLEDAD DE DOBLADO
CVE_MUN_SSA,30149,SOTEAPAN
CVE_MUN_SSA,30150,TAMALÍN
CVE_MUN_SSA,30151,TAMIAHUA
CVE_MUN_SSA,30152,TAMPICO ALTO
CVE_MUN_SSA,30153,TANCOCO
CVE_MUN_SSA,30154,TANTIMA
CVE_MUN_SSA,30155,TANTOYUCA
CVE_MUN_SSA,30156,TATATILA
CVE_MUN_SSA,30157,CASTILLO DE TEAYO
CVE_MUN_SSA,30158,TECOLUTLA
CVE_MUN_SSA,30159,TEHUIPANGO
CVE_MUN_SSA,30160,ÁLAMO TEMAPACHE
CVE_MUN_SSA,30161,TEMPOAL
CVE_MUN_SSA,30162,TENAMPA
CVE_MUN_SSA,30163,TENOCHTITLÁN
CVE_MUN_SSA,30164,TEOCELO
CVE_MUN_SSA,30165,TEPATLAXCO
CVE_MUN_SSA,30166,TEPETLÁN
CVE_MUN_SSA,30167,TEPETZINTLA
CVE_MUN_SSA,30168,TEQUILA
CVE_MUN_SSA,30169,JOSÉ AZUETA
CVE_MUN_SSA,30170,TEXCATEPEC
CVE_MUN_SSA,30171,TEXHUACÁN
CVE_MUN_SSA,30172,TEXISTEPEC
CVE_MUN_SSA,30173,TEZONAPA
CVE_MUN_SSA,30174,TIERRA BLANCA
CVE_MUN_SSA,30175,TIHUATLÁN
CVE_MUN_SSA,30176,TLACOJALPAN
CVE_MUN_SSA,30177,TLACOLULAN
CVE_MUN_SSA,30178,TLACOTALPAN
CVE_MUN_SSA,30179,TLACOTEPEC DE MEJÍA
CVE_MUN_SSA,30180,TLACHICHILCO
CVE_MUN_SSA,30181,TLALIXCOYAN
CVE_MUN_SSA,30182,TLALNELHUAYOCAN
CVE_MUN_SSA,30183,TLAPACOYAN
CVE_MUN_SSA,30184,TLAQUILPA
CVE_MUN_SSA,30185,TLILAPAN
CVE_MUN_SSA,30186,TOMATLÁN
CVE_MUN_SSA,30187,TONAYÁN
CVE_MUN_SSA,30188,TOTUTLA
CVE_MUN_SSA,30189,TUXPAN
CVE_MUN_SSA,30190,TUXTILLA
CVE_MUN_SSA,30191,URSULO GALVÁN
CVE_MUN_SSA,30192,VEGA DE ALATORRE
CVE_MUN_SSA,30193,VERACRUZ
CVE_MUN_SSA,30194,VILLA ALDAMA
CVE_MUN_SSA,30195,XOXOCOTLA
CVE_MUN_SSA,30196,YANGA
CVE_MUN_SSA,30197,YECUATLA
CVE_MUN_SSA,30198,ZACUALPAN
CVE_MUN_SSA,30199,ZARAGOZA
CVE_MUN_SSA,30200,ZENTLA
CVE_MUN_SSA,30201,ZONGOLICA
CVE_MUN_SSA,30202,ZONTECOMATLÁN DE LÓPEZ Y FUENTES
CVE_MUN_SSA,30203,ZOZOCOLCO DE HIDALGO
CVE_MUN_SSA,30204,AGUA DULCE
CVE_MUN_SSA,30205,EL HIGO
CVE_MUN_SSA,30206,NANCHITAL DE LÁZARO CÁRDENAS DEL RÍO
CVE_MUN_SSA,30207,TRES VALLES
CVE_MUN_SSA,30208,CARLOS A. CARRILLO
CVE_MUN_SSA,30209,TATAHUICAPAN DE JUÁREZ
CVE_MUN_SSA,30210,UXPANAPA
CVE_MUN_SSA,30211,SAN RAFAEL
CVE_MUN_SSA,30212,SANTIAGO SOCHIAPAN
CVE_MUN_SSA,30999,NO ESPECIFICADO
CVE_MUN_SSA,31001,ABALÁ
CVE_MUN_SSA,31002,ACANCEH
CVE_MUN_SSA,31003,AKIL
CVE_MUN_SSA,31004,BACA
CVE_MUN_SSA,31005,BOKOBÁ
CVE_MUN_SSA,31006,BUCTZOTZ
CVE_MUN_SSA,31007,CACALCHÉN
CVE_MUN_SSA,31008,CALOTMUL
CVE_MUN_SSA,31009,CANSAHCAB
CVE_MUN_SSA,31010,CANTAMAYEC
CVE_MUN_SSA,31011,CELESTÚN
CVE_MUN_SSA,31012,CENOTILLO
CVE_MUN_SSA,31013,CONKAL
CVE_MUN_SSA,31014,CUNCUNUL
CVE_MUN_SSA,31015,CUZAMÁ
CVE_MUN_SSA,31016,CHACSINKÍN
CVE_MUN_SSA,31017,CHANKOM
CVE_MUN_SSA,31018,CHAPAB
CVE_MUN_SSA,31019,CHEMAX
CVE_MUN_SSA,31020,CHICXULUB PUEBLO
CVE_MUN_SSA,31021,CHICHIMILÁ
CVE_MUN_SSA,31022,CHIKINDZONOT
CVE_MUN_SSA,31023,CHOCHOLÁ
CVE_MUN_SSA,31024,CHUMAYEL
CVE_MUN_SSA,31025,DZÁN
CVE_MUN_SSA,31026,DZEMUL
CVE_MUN_SSA,31027,DZIDZANTÚN
CVE_MUN_SSA,31028,DZILAM DE BRAVO
CVE_MUN_SSA,31029,DZILAM GONZÁLEZ
CVE_MUN_SSA,31030,DZITÁS
CVE_MUN_SSA,31031,DZONCAUICH
CVE_MUN_SSA,31032,ESPITA
CVE_MUN_SSA,31033,HALACHÓ
CVE_MUN_SSA,31034,HOCABÁ
CVE_MUN_SSA,31035,HOCTÚN
CVE_MUN_SSA,31036,HOMÚN
CVE_MUN_SSA,31037,HUHÍ
CVE_MUN_SSA,31038,HUNUCMÁ
CVE_MUN_SSA,31039,IXIL
CVE_MUN_SSA,31040,IZAMAL
CVE_MUN_SSA,31041,KANASÍN
CVE_MUN_SSA,31042,KANTUNIL
CVE_MUN_SSA,31043,KAUA
CVE_MUN_SSA,31044,KINCHIL
CVE_MUN_SSA,31045,KOPOMÁ
CVE_MUN_SSA,31046,MAMA
CVE_MUN_SSA,31047,MANÍ
CVE_MUN_SSA,31048,MAXCANÚ
CVE_MUN_SSA,31049,MAYAPÁN
CVE_MUN_SSA,31050,MÉRIDA
CVE_MUN_SSA,31051,MOCOCHÁ
CVE_MUN_SSA,31052,MOTUL
CVE_MUN_SSA,31053,MUNA
CVE_MUN_SSA,31054,MUXUPIP
CVE_MUN_SSA,31055,OPICHÉN
CVE_MUN_SSA,31056,OXKUTZCAB
CVE_MUN_SSA,31057,PANABÁ
CVE_MUN_SSA,31058,PETO
CVE_MUN_SSA,31059,PROGRESO
CVE_MUN_SSA,31060,QUINTANA ROO
CVE_MUN_SSA,31061,RÍO LAGARTOS
CVE_MUN_SSA,31062,SACALUM
CVE_MUN_SSA,31063,SAMAHIL
CVE_MUN_SSA,31064,SANAHCAT
CVE_MUN_SSA,31065,SAN FELIPE
CVE_MUN_SSA,31066,SANTA ELENA
CVE_MUN_SSA,31067,SEYÉ
CVE_MUN_SSA,31068,SINANCHÉ
CVE_MUN_SSA,31069,SOTUTA
CVE_MUN_SSA,31070,SUCILÁ
CVE_MUN_SSA,31071,SUDZAL
CVE_MUN_SSA,31072,SUMA
CVE_MUN_SSA,31073,TAHDZIÚ
CVE_MUN_SSA,31074,TAHMEK
CVE_MUN_SSA,31075,TEABO
CVE_MUN_SSA,31076,TECOH
CVE_MUN_SSA,31077,TEKAL DE VENEGAS
CVE_MUN_SSA,31078,TEKANTÓ
CVE_MUN_SSA,31079,TEKAX
CVE_MUN_SSA,31080,TEKIT
CVE_MUN_SSA,31081,TEKOM
CVE_MUN_SSA,31082,TELCHAC PUEBLO
CVE_MUN_SSA,31083,TELCHAC PUERTO
CVE_MUN_SSA,31084,TEMAX
CVE_MUN_SSA,31085,TEMOZÓN
CVE_MUN_SSA,31086,TEPAKÁN
CVE_MUN_SSA,31087,TETIZ
CVE_MUN_SSA,31088,TEYA
CVE_MUN_SSA,31089,TICUL
CVE_MUN_SSA,31090,TIMUCUY
CVE_MUN_SSA,31091,TINUM
CVE_MUN_SSA,31092,TIXCACALCUPUL
CVE_MUN_SSA,31093,TIXKOKOB
CVE_MUN_SSA,31094,TIXMEHUAC
CVE_MUN_SSA,31095,TIXPÉHUAL
CVE_MUN_SSA,31096,TIZIMÍN
CVE_MUN_SSA,31097,TUNKÁS
CVE_MUN_SSA,31098,TZUCACAB
CVE_MUN_SSA,31099,UAYMA
CVE_MUN_SSA,31100,UCÚ
CVE_MUN_SSA,31101,UMÁN
CVE_MUN_SSA,31102,VALLADOLID
CVE_MUN_SSA,31103,XOCCHEL
CVE_MUN_SSA,31104,YAXCABÁ
CVE_MUN_SSA,31105,YAXKUKUL
CVE_MUN_SSA,31106,YOBAÍN
CVE_MUN_SSA,31999,NO ESPECIFICADO
CVE_MUN_SSA,32001,APOZOL
CVE_MUN_SSA,32002,APULCO
CVE_MUN_SSA,32003,ATOLINGA
CVE_MUN_SSA,32004,BENITO JUÁREZ
CVE_MUN_SSA,32005,CALERA
CVE_MUN_SSA,32006,CAÑITAS DE FELIPE PESCADOR
CVE_MUN_SSA,32007,CONCEPCIÓN DEL ORO
CVE_MUN_SSA,32008,CUAUHTÉMOC
CVE_MUN_SSA,32009,CHALCHIHUITES
CVE_MUN_SSA,32010,FRESNILLO
CVE_MUN_SSA,32011,TRINIDAD GARCÍA DE LA CADENA
CVE_MUN_SSA,32012,GENARO CODINA
CVE_MUN_SSA,32013,GENERAL ENRIQUE ESTRADA
CVE_MUN_SSA,32014,GENERAL FRANCISCO R. MURGUÍA
CVE_MUN_SSA,32015,EL PLATEADO DE JOAQUÍN AMARO
CVE_MUN_SSA,32016,GENERAL PÁNFILO NATERA
CVE_MUN_SSA,32017,GUADALUPE
CVE_MUN_SSA,32018,HUANUSCO
CVE_MUN_SSA,32019,JALPA
CVE_MUN_SSA,32020,JEREZ
CVE_MUN_SSA,32021,JIMÉNEZ DEL TEUL
CVE_MUN_SSA,32022,JUAN ALDAMA
CVE_MUN_SSA,32023,JUCHIPILA
CVE_MUN_SSA,32024,LORETO
CVE_MUN_SSA,32025,LUIS MOYA
CVE_MUN_SSA,32026,MAZAPIL
CVE_MUN_SSA,32027,MELCHOR OCAMPO
CVE_MUN_SSA,32028,MEZQUITAL DEL ORO
CVE_MUN_SSA,32029,MIGUEL AUZA
CVE_MUN_SSA,32030,MOMAX
CVE_MUN_SSA,32031,MONTE ESCOBEDO
CVE_MUN_SSA,32032,MORELOS
CVE_MUN_SSA,32033,MOYAHUA DE ESTRADA
CVE_MUN_SSA,32034,NOCHISTLÁN DE MEJÍA
CVE_MUN_SSA,32035,NORIA DE ÁNGELES
CVE_MUN_SSA,32036,OJOCALIENTE
CVE_MUN_SSA,32037,PÁNUCO
CVE_MUN_SSA,32038,PINOS
CVE_MUN_SSA,32039,RÍO GRANDE
CVE_MUN_SSA,32040,SAIN ALTO
CVE_MUN_SSA,32041,EL SALVADOR
CVE_MUN_SSA,32042,SOMBRERETE
CVE_MUN_SSA,32043,SUSTICACÁN
CVE_MUN_SSA,32044,TABASCO
CVE_MUN_SSA,32045,TEPECHITLÁN
CVE_MUN_SSA,32046,TEPETONGO
CVE_MUN_SSA,32047,TEÚL DE GONZÁLEZ ORTEGA
CVE_MUN_SSA,32048,TLALTENANGO DE SÁNCHEZ ROMÁN
CVE_MUN_SSA,32049,VALPARAÍSO
CVE_MUN_SSA,32050,VETAGRANDE
CVE_MUN_SSA,32051,VILLA DE COS
CVE_MUN_SSA,32052,VILLA GARCÍA
CVE_MUN_SSA,32053,VILLA GONZÁLEZ ORTEGA
CVE_MUN_SSA,32054,VILLA HIDALGO
CVE_MUN_SSA,32055,VILLANUEVA
CVE_MUN_SSA,32056,ZACATECAS
CVE_MUN_SSA,32057,TRANCOSO
CVE_MUN_SSA,32058,SANTA MARÍA DE LA PAZ
CVE_MUN_SSA,32999,NO ESPECIFICADO
CVE_MUN_SSA,36999,NO ESPECIFICADO
CVE_MUN_SSA,97997,NO APLICA
CVE_MUN_SSA,98998,SE IGNORA
CVE_MUN_SSA,99999,NO ESPECIFICADO
